model,accuracy,precision_target_1,recall_target_1,f1_target_1,roc_auc,pr_auc,tn,fp,fn,tp,cv_best_average_precision,fit_seconds,best_params
EBM,0.9197866759164914,0.572289156626506,0.025510204081632654,0.04884318766066838,0.7601096473601858,0.25164237026433955,42332,71,3629,95,0.24266290277692015,1647.52,{'model__interactions': 5}
XGBoost,0.9200685065146227,0.6390977443609023,0.022824919441460794,0.04407570650764843,0.7596711156743085,0.2495254573765028,42355,48,3639,85,0.2402775136765807,3078.91,"{'model__colsample_bytree': 0.8,
 'model__learning_rate': 0.1,
 'model__max_depth': 3,
 'model__min_child_weight': 5,
 'model__n_estimators': 300,
 'model__subsample': 0.8}"
LightGBM,0.9198300344700501,0.7096774193548387,0.011815252416756176,0.02324352879027998,0.7544508420342855,0.24531410288275826,42385,18,3680,44,0.23765302664561783,127.15,"{'model__learning_rate': 0.05,
 'model__min_child_samples': 100,
 'model__n_estimators': 100,
 'model__num_leaves': 31}"
Logistic Regression,0.9195265245951395,0.5857142857142857,0.01100966702470462,0.02161307327358988,0.7489966801844296,0.23625951214739588,42374,29,3683,41,0.2252022517170036,367.47,{'model__C': 0.1}
Random Forest,0.9192880525505669,1.0,0.0002685284640171858,0.0005369127516778523,0.7455504308525686,0.23448662576674756,42403,0,3723,1,0.22731572784227047,484.55,"{'model__max_depth': 20,
 'model__max_features': 'sqrt',
 'model__min_samples_leaf': 20,
 'model__n_estimators': 100}"
