model,mean_fit_time,std_fit_time,mean_score_time,std_score_time,param_model__C,params,split0_test_score,split1_test_score,split2_test_score,mean_test_score,std_test_score,rank_test_score,split0_train_score,split1_train_score,split2_train_score,mean_train_score,std_train_score,param_model__max_depth,param_model__max_features,param_model__min_samples_leaf,param_model__n_estimators,param_model__colsample_bytree,param_model__learning_rate,param_model__min_child_weight,param_model__subsample,param_model__min_child_samples,param_model__num_leaves,param_model__interactions
Logistic Regression,17.680736303329468,0.7713811389693036,0.5171540578206381,0.00621637052905583,0.1,{'model__C': 0.1},0.224037600786457,0.22443979739142425,0.22712935697312947,0.2252022517170036,0.0013725260236519756,1,0.23157685124079858,0.23117007335503859,0.2305844832483704,0.23111046928140253,0.00040731891051484385,,,,,,,,,,,
Logistic Regression,36.13442794481913,1.243971316028801,0.4971474806467692,0.017235227249734104,1.0,{'model__C': 1.0},0.22358676626160526,0.2242279332156337,0.22667876760512967,0.22483115569412285,0.001332422879820859,2,0.2321219276992715,0.23163736368601687,0.2310016447426423,0.23158697870931022,0.00045873918525800983,,,,,,,,,,,
Logistic Regression,53.92250418663025,3.4965016071113895,0.5136552651723226,0.036503538234162865,10.0,{'model__C': 10.0},0.22341067462628372,0.2242223142603521,0.2265226121721756,0.22471853368627048,0.001318007109585514,3,0.2322501322786371,0.23165971980567812,0.23108014679530342,0.23166333295987288,0.00047765140633821996,,,,,,,,,,,
Random Forest,27.54003620147705,0.045137656774951934,1.0013251304626465,0.014762270334106946,,"{'model__max_depth': 10, 'model__max_features': 'sqrt', 'model__min_samples_leaf': 5, 'model__n_estimators': 100}",0.21602754804969532,0.22405340709205057,0.22697805798681353,0.22235300437618646,0.004629394778141068,4,0.3651853006876904,0.3691206199447925,0.36344638636876003,0.36591743566708096,0.0023736396651386103,10.0,sqrt,5.0,100.0,,,,,,,
Random Forest,26.712144136428833,0.23278547113733783,0.9837772051493326,0.05771299015452617,,"{'model__max_depth': 10, 'model__max_features': 'sqrt', 'model__min_samples_leaf': 20, 'model__n_estimators': 100}",0.218474270275755,0.226318846997334,0.2279434526786041,0.22424552331723105,0.004134437257673938,3,0.31876966995495337,0.32092249985081894,0.31602848982632814,0.31857355321070013,0.00200277804777705,10.0,sqrt,20.0,100.0,,,,,,,
Random Forest,38.24226864178976,0.4020811335003525,1.2591387430826824,0.03347525714272071,,"{'model__max_depth': 20, 'model__max_features': 'sqrt', 'model__min_samples_leaf': 5, 'model__n_estimators': 100}",0.21873425270883698,0.2263246954554396,0.22817631897571894,0.22441175571333183,0.0040851485235952785,2,0.8302122695788978,0.83786310289511,0.8386216291654639,0.8355656672131572,0.003798068824949072,20.0,sqrt,5.0,100.0,,,,,,,
Random Forest,36.079280614852905,0.4256782577018151,1.2650009791056316,0.04386946275490201,,"{'model__max_depth': 20, 'model__max_features': 'sqrt', 'model__min_samples_leaf': 20, 'model__n_estimators': 100}",0.22115250473173248,0.22915763765772879,0.23163704113735012,0.22731572784227047,0.004474062265726134,1,0.5081719082440208,0.512105135581308,0.5094887773571233,0.5099219403941507,0.0016346848797614204,20.0,sqrt,20.0,100.0,,,,,,,
XGBoost,6.5635190804799395,0.042009281530371284,0.5694801807403564,0.006916333124385934,,"{'model__colsample_bytree': 0.8, 'model__learning_rate': 0.05, 'model__max_depth': 3, 'model__min_child_weight': 1, 'model__n_estimators': 100, 'model__subsample': 0.8}",0.22278119709973085,0.22932858957855623,0.23124622362146222,0.22778533676658308,0.0036240300251378617,92,0.24218035623545503,0.23968388383282213,0.23743463267696982,0.2397662909150823,0.0019383096104243957,3.0,,,100.0,0.8,0.05,1.0,0.8,,,
XGBoost,6.588557799657186,0.3862469263659435,0.6041204929351807,0.04828469745270443,,"{'model__colsample_bytree': 0.8, 'model__learning_rate': 0.05, 'model__max_depth': 3, 'model__min_child_weight': 1, 'model__n_estimators': 100, 'model__subsample': 1.0}",0.223392704528249,0.22806743214026093,0.230231424014665,0.22723052022772497,0.002853925625692905,96,0.24217394254789726,0.23949403534294691,0.23753121751936607,0.23973306513673673,0.001902905734988274,3.0,,,100.0,0.8,0.05,1.0,1.0,,,
XGBoost,8.971943537394205,0.22583425855559172,0.5833248297373453,0.010735995253504564,,"{'model__colsample_bytree': 0.8, 'model__learning_rate': 0.05, 'model__max_depth': 3, 'model__min_child_weight': 1, 'model__n_estimators': 200, 'model__subsample': 0.8}",0.23124026186541397,0.23701839370491878,0.23965934841743203,0.23597266799592162,0.003515718161479587,60,0.25857597758254697,0.25687491622711045,0.2541399480102787,0.25653028060664534,0.001827324068080535,3.0,,,200.0,0.8,0.05,1.0,0.8,,,
XGBoost,8.558770815531412,0.2775132125310241,0.5584904352823893,0.022021512374694067,,"{'model__colsample_bytree': 0.8, 'model__learning_rate': 0.05, 'model__max_depth': 3, 'model__min_child_weight': 1, 'model__n_estimators': 200, 'model__subsample': 1.0}",0.23106183091042043,0.23590720134610177,0.2380109965855909,0.23499334294737104,0.0029096481774652104,78,0.25827562108878543,0.25705378426999526,0.25400630624990894,0.2564452372028965,0.0017952733214413499,3.0,,,200.0,0.8,0.05,1.0,1.0,,,
XGBoost,10.660979509353638,0.08348231926404756,0.6309223175048828,0.03807922243642997,,"{'model__colsample_bytree': 0.8, 'model__learning_rate': 0.05, 'model__max_depth': 3, 'model__min_child_weight': 1, 'model__n_estimators': 300, 'model__subsample': 0.8}",0.2334742173477291,0.23891186778280027,0.2428341460265478,0.23840674371902573,0.003837831762683734,20,0.2689474590444729,0.2668498590357862,0.26385562511909055,0.26655098106644987,0.0020894479671809095,3.0,,,300.0,0.8,0.05,1.0,0.8,,,
XGBoost,11.252720912297567,0.5245065329841475,0.5946369965871176,0.017731553512838772,,"{'model__colsample_bytree': 0.8, 'model__learning_rate': 0.05, 'model__max_depth': 3, 'model__min_child_weight': 1, 'model__n_estimators': 300, 'model__subsample': 1.0}",0.23351222616595313,0.238096281268644,0.2402006475914645,0.23726971834202057,0.002792388463312503,48,0.2675577462211711,0.26588929911187376,0.2639865233402207,0.26581118955775523,0.0014589914423302568,3.0,,,300.0,0.8,0.05,1.0,1.0,,,
XGBoost,6.4563132127126055,0.12959381692054026,0.5259489218393961,0.025219627811290054,,"{'model__colsample_bytree': 0.8, 'model__learning_rate': 0.05, 'model__max_depth': 3, 'model__min_child_weight': 5, 'model__n_estimators': 100, 'model__subsample': 0.8}",0.22299166454919195,0.22923731736215963,0.2312549456650812,0.22782797585881095,0.003517587838737305,91,0.24215554496051725,0.23943752947123584,0.23719366542573794,0.239595579952497,0.0020287594066958907,3.0,,,100.0,0.8,0.05,5.0,0.8,,,
XGBoost,6.726060708363851,0.31356762929476467,0.554267168045044,0.043449915910218434,,"{'model__colsample_bytree': 0.8, 'model__learning_rate': 0.05, 'model__max_depth': 3, 'model__min_child_weight': 5, 'model__n_estimators': 100, 'model__subsample': 1.0}",0.22369322163113564,0.22806007269849252,0.23071883434245383,0.2274907095573607,0.0028963125156214946,95,0.24204787422180463,0.23951773569534293,0.23746163833701733,0.23967574941805495,0.0018756538682375376,3.0,,,100.0,0.8,0.05,5.0,1.0,,,
XGBoost,9.260860919952393,0.48417407145837454,0.5500879287719727,0.013566551587651344,,"{'model__colsample_bytree': 0.8, 'model__learning_rate': 0.05, 'model__max_depth': 3, 'model__min_child_weight': 5, 'model__n_estimators': 200, 'model__subsample': 0.8}",0.2309719188148057,0.23681397390010975,0.23969922461780888,0.23582837244424146,0.0036304292048498945,63,0.25814114708651165,0.2566261533887322,0.2541570067526696,0.25630810240930446,0.0016419928682494167,3.0,,,200.0,0.8,0.05,5.0,0.8,,,
XGBoost,9.06959080696106,0.6103922915016227,0.5329905351003011,0.030774876024551947,,"{'model__colsample_bytree': 0.8, 'model__learning_rate': 0.05, 'model__max_depth': 3, 'model__min_child_weight': 5, 'model__n_estimators': 200, 'model__subsample': 1.0}",0.23132017891126777,0.2361235180529014,0.23864832473152361,0.23536400723189763,0.0030395254899572414,70,0.2580157383545136,0.2565592182044474,0.2540251340090577,0.25620003018933957,0.0016488365156761694,3.0,,,200.0,0.8,0.05,5.0,1.0,,,
XGBoost,11.439332962036133,0.7195511869614897,0.5470556418100992,0.009850653773017037,,"{'model__colsample_bytree': 0.8, 'model__learning_rate': 0.05, 'model__max_depth': 3, 'model__min_child_weight': 5, 'model__n_estimators': 300, 'model__subsample': 0.8}",0.23310437647457283,0.2390963359381943,0.24272038372904933,0.23830703204727213,0.003965194350319189,25,0.2679179210830718,0.2665765594143851,0.26336133110512516,0.2659519372008607,0.0019119349254968505,3.0,,,300.0,0.8,0.05,5.0,0.8,,,
XGBoost,11.067102750142416,0.7589992346917895,0.5805690288543701,0.028822376857069718,,"{'model__colsample_bytree': 0.8, 'model__learning_rate': 0.05, 'model__max_depth': 3, 'model__min_child_weight': 5, 'model__n_estimators': 300, 'model__subsample': 1.0}",0.23382199521433344,0.23793313013029913,0.2407125098661737,0.23748921173693546,0.0028305000378945166,41,0.26739320067467176,0.2656549187727288,0.26329975543456285,0.26544929162732117,0.0016774554888558523,3.0,,,300.0,0.8,0.05,5.0,1.0,,,
XGBoost,7.437087853749593,0.11302832086473301,0.5138740539550781,0.016482151631271823,,"{'model__colsample_bytree': 0.8, 'model__learning_rate': 0.05, 'model__max_depth': 5, 'model__min_child_weight': 1, 'model__n_estimators': 100, 'model__subsample': 0.8}",0.22969354150120963,0.23649234653108978,0.2373919087832556,0.23452593227185167,0.00343669448564753,84,0.28323840205586853,0.2815036626358116,0.2780976317116575,0.2809465654677792,0.002135360683655438,5.0,,,100.0,0.8,0.05,1.0,0.8,,,
XGBoost,7.192320426305135,0.23051433110383954,0.4964640935262044,0.0037881125734568226,,"{'model__colsample_bytree': 0.8, 'model__learning_rate': 0.05, 'model__max_depth': 5, 'model__min_child_weight': 1, 'model__n_estimators': 100, 'model__subsample': 1.0}",0.2290465210825286,0.23520346305470788,0.23930807351281336,0.23451935255001663,0.004217097734765184,85,0.28469975121803487,0.28208318298266527,0.2781176462379819,0.281633526812894,0.0027058787229991806,5.0,,,100.0,0.8,0.05,1.0,1.0,,,
XGBoost,9.92294979095459,0.014369607356278305,0.5473001797993978,0.010955190941861924,,"{'model__colsample_bytree': 0.8, 'model__learning_rate': 0.05, 'model__max_depth': 5, 'model__min_child_weight': 1, 'model__n_estimators': 200, 'model__subsample': 0.8}",0.23242937627321997,0.24031828763953134,0.24234551344091673,0.23836439245122268,0.004277516716298223,22,0.3193511762673057,0.3178407929759503,0.3156344636585981,0.3176088109672847,0.0015261825782410833,5.0,,,200.0,0.8,0.05,1.0,0.8,,,
XGBoost,9.857913176218668,0.25457637916001796,0.5954755147298177,0.047047402343867104,,"{'model__colsample_bytree': 0.8, 'model__learning_rate': 0.05, 'model__max_depth': 5, 'model__min_child_weight': 1, 'model__n_estimators': 200, 'model__subsample': 1.0}",0.23316221376338434,0.23834875165516528,0.2420734876266311,0.23786148434839358,0.0036542917724809274,33,0.3210247606895147,0.31802228785783737,0.3154677799981767,0.31817160951517626,0.002271083635475746,5.0,,,200.0,0.8,0.05,1.0,1.0,,,
XGBoost,13.7403351465861,0.6550982852393192,0.5962875684102377,0.016137795203808765,,"{'model__colsample_bytree': 0.8, 'model__learning_rate': 0.05, 'model__max_depth': 5, 'model__min_child_weight': 1, 'model__n_estimators': 300, 'model__subsample': 0.8}",0.23279097954669542,0.24112089836447037,0.24369883613417237,0.23920357134844605,0.004654921481473388,9,0.3496452368325659,0.3469912175019294,0.3456996400419493,0.3474453647921482,0.0016424820302296042,5.0,,,300.0,0.8,0.05,1.0,0.8,,,
XGBoost,12.474589904149374,0.24249031275184982,0.5863742828369141,0.009422093514911674,,"{'model__colsample_bytree': 0.8, 'model__learning_rate': 0.05, 'model__max_depth': 5, 'model__min_child_weight': 1, 'model__n_estimators': 300, 'model__subsample': 1.0}",0.23341114222150028,0.23904214580763478,0.24254278626832362,0.23833202476581958,0.0037616427856272767,24,0.3477013568547046,0.3446305514122514,0.3437396109922294,0.34535717308639513,0.0016970252134664843,5.0,,,300.0,0.8,0.05,1.0,1.0,,,
XGBoost,7.278473774592082,0.21746116697691958,0.5166911284128824,0.01662675882234426,,"{'model__colsample_bytree': 0.8, 'model__learning_rate': 0.05, 'model__max_depth': 5, 'model__min_child_weight': 5, 'model__n_estimators': 100, 'model__subsample': 0.8}",0.22997214427520957,0.23576206973391423,0.23869791844678928,0.2348107108186377,0.003625244503258506,82,0.2799029539336395,0.27885516295247237,0.2758772921736963,0.27821180301993603,0.001705270683002587,5.0,,,100.0,0.8,0.05,5.0,0.8,,,
XGBoost,7.4784243901570635,0.2640808516541702,0.5236998399098715,0.027030600957186974,,"{'model__colsample_bytree': 0.8, 'model__learning_rate': 0.05, 'model__max_depth': 5, 'model__min_child_weight': 5, 'model__n_estimators': 100, 'model__subsample': 1.0}",0.2302103790452224,0.23550993115747543,0.23951782591938478,0.23507937870736087,0.003811926318635894,74,0.2818631234521402,0.2787833840994113,0.2762954060326328,0.27898063786139476,0.002277286557994553,5.0,,,100.0,0.8,0.05,5.0,1.0,,,
XGBoost,10.066609382629395,0.07573352392963625,0.5584506193796793,0.018054689073477636,,"{'model__colsample_bytree': 0.8, 'model__learning_rate': 0.05, 'model__max_depth': 5, 'model__min_child_weight': 5, 'model__n_estimators': 200, 'model__subsample': 0.8}",0.2338986385344571,0.23853863287695615,0.24269053073041288,0.2383759340472754,0.0035911182360755575,21,0.3114876879807801,0.3091159478470399,0.3060133027662024,0.30887231286467415,0.002241538440873573,5.0,,,200.0,0.8,0.05,5.0,0.8,,,
XGBoost,9.60741106669108,0.08619807550929773,0.5481903553009033,0.022428893145425264,,"{'model__colsample_bytree': 0.8, 'model__learning_rate': 0.05, 'model__max_depth': 5, 'model__min_child_weight': 5, 'model__n_estimators': 200, 'model__subsample': 1.0}",0.23401788358389836,0.23856903044140548,0.24346454892083397,0.23868382098204596,0.0038574390596336147,15,0.3114429991639204,0.3097046387156165,0.3081316983319457,0.3097597787371609,0.0013523950646762396,5.0,,,200.0,0.8,0.05,5.0,1.0,,,
XGBoost,12.911859035491943,0.743486301972023,0.5836668809254965,0.015480732599700736,,"{'model__colsample_bytree': 0.8, 'model__learning_rate': 0.05, 'model__max_depth': 5, 'model__min_child_weight': 5, 'model__n_estimators': 300, 'model__subsample': 0.8}",0.23468997905237182,0.23945402952161113,0.24332587374627676,0.2391566274400866,0.003531855535892828,11,0.3364367963567685,0.33378061232608247,0.3308890650569621,0.333702157913271,0.0022655311319688515,5.0,,,300.0,0.8,0.05,5.0,0.8,,,
XGBoost,12.168065150578817,0.4804526815828765,0.6189754009246826,0.04306442289182203,,"{'model__colsample_bytree': 0.8, 'model__learning_rate': 0.05, 'model__max_depth': 5, 'model__min_child_weight': 5, 'model__n_estimators': 300, 'model__subsample': 1.0}",0.23488971171643017,0.23927601144195587,0.24435116419791233,0.23950562911876613,0.003866032761799799,4,0.3354780829637063,0.33282710987700215,0.3332912150641242,0.33386546930161093,0.0011559240239049718,5.0,,,300.0,0.8,0.05,5.0,1.0,,,
XGBoost,5.8954752286275225,0.1374481830257668,0.4878438313802083,0.036825199166242,,"{'model__colsample_bytree': 0.8, 'model__learning_rate': 0.1, 'model__max_depth': 3, 'model__min_child_weight': 1, 'model__n_estimators': 100, 'model__subsample': 0.8}",0.23052707620887536,0.23666910065050262,0.23828804301732537,0.23516140662556775,0.003342953524962004,73,0.2585373792478506,0.25629610188160457,0.25284128714825493,0.25589158942590334,0.0023429453040823157,3.0,,,100.0,0.8,0.1,1.0,0.8,,,
XGBoost,5.993614117304484,0.20089992605754883,0.46820616722106934,0.006884086809406548,,"{'model__colsample_bytree': 0.8, 'model__learning_rate': 0.1, 'model__max_depth': 3, 'model__min_child_weight': 1, 'model__n_estimators': 100, 'model__subsample': 1.0}",0.2306740265237127,0.23559356040297208,0.23760937204117538,0.23462565298928673,0.0029128895084603746,83,0.25745058119169145,0.2564051883386197,0.2539884185766946,0.2559480627023352,0.0014499115786101933,3.0,,,100.0,0.8,0.1,1.0,1.0,,,
XGBoost,7.96186629931132,0.05354351112049183,0.5246061484018961,0.040972794692878886,,"{'model__colsample_bytree': 0.8, 'model__learning_rate': 0.1, 'model__max_depth': 3, 'model__min_child_weight': 1, 'model__n_estimators': 200, 'model__subsample': 0.8}",0.23365865384020526,0.2399630085999193,0.2421314790953811,0.2385843805118352,0.0035937588033633297,18,0.2762006337170853,0.2738103375394191,0.2706117078178364,0.2735408930247803,0.0022896103652041686,3.0,,,200.0,0.8,0.1,1.0,0.8,,,
XGBoost,7.74571434656779,0.24508450087165146,0.5092512766520182,0.0015836719968763218,,"{'model__colsample_bytree': 0.8, 'model__learning_rate': 0.1, 'model__max_depth': 3, 'model__min_child_weight': 1, 'model__n_estimators': 200, 'model__subsample': 1.0}",0.23406807465752288,0.237933905146881,0.24124995063767984,0.23775064348069455,0.0029348508511006077,35,0.27640169224443434,0.27266437883589256,0.27125788832267117,0.27344131980099934,0.0021706232044940987,3.0,,,200.0,0.8,0.1,1.0,1.0,,,
XGBoost,10.012226025263468,0.386257640424414,0.5363505681355795,0.024558122355176785,,"{'model__colsample_bytree': 0.8, 'model__learning_rate': 0.1, 'model__max_depth': 3, 'model__min_child_weight': 1, 'model__n_estimators': 300, 'model__subsample': 0.8}",0.23486073525550033,0.24175555574296614,0.24290991462827866,0.23984206854224835,0.0035537207819667034,3,0.2903563592890531,0.2867099763534704,0.28379933551757547,0.286955223720033,0.0026825050342338817,3.0,,,300.0,0.8,0.1,1.0,0.8,,,
XGBoost,9.718289375305176,0.19980500511814328,0.521523634592692,0.004188845024984572,,"{'model__colsample_bytree': 0.8, 'model__learning_rate': 0.1, 'model__max_depth': 3, 'model__min_child_weight': 1, 'model__n_estimators': 300, 'model__subsample': 1.0}",0.23537012159038595,0.23866700048378164,0.24263953335636818,0.23889221847684525,0.002971994752591813,14,0.2896671524215364,0.2856413698917299,0.2851616378519769,0.28682338672174773,0.0020203610607945465,3.0,,,300.0,0.8,0.1,1.0,1.0,,,
XGBoost,5.872408310572307,0.18399760234984552,0.46670881907145184,0.006813591383215405,,"{'model__colsample_bytree': 0.8, 'model__learning_rate': 0.1, 'model__max_depth': 3, 'model__min_child_weight': 5, 'model__n_estimators': 100, 'model__subsample': 0.8}",0.2300480075648616,0.23621656120839457,0.23837767555429853,0.2348807481091849,0.0035293190731903405,80,0.2575883298716016,0.2551853254419966,0.25233946540129415,0.25503770690496413,0.002145380771373794,3.0,,,100.0,0.8,0.1,5.0,0.8,,,
XGBoost,6.162636836369832,0.31114746749613065,0.4798101584116618,0.01652339555779487,,"{'model__colsample_bytree': 0.8, 'model__learning_rate': 0.1, 'model__max_depth': 3, 'model__min_child_weight': 5, 'model__n_estimators': 100, 'model__subsample': 1.0}",0.2301995916236501,0.2364941712136698,0.238319949867317,0.2350045709015456,0.0034784322444440883,77,0.2570723015517651,0.2566948818814567,0.254265123004045,0.2560107688124223,0.0012439375300801142,3.0,,,100.0,0.8,0.1,5.0,1.0,,,
XGBoost,8.120672782262167,0.1761565763830207,0.4991761843363444,0.007296098800500922,,"{'model__colsample_bytree': 0.8, 'model__learning_rate': 0.1, 'model__max_depth': 3, 'model__min_child_weight': 5, 'model__n_estimators': 200, 'model__subsample': 0.8}",0.2334457597396668,0.24024890364807808,0.2429860726284085,0.2388935786720511,0.004010990887279147,13,0.2743857817308021,0.27280990003587663,0.2692577690619559,0.27215115027621156,0.002144697634843629,3.0,,,200.0,0.8,0.1,5.0,0.8,,,
XGBoost,7.864236116409302,0.24510295307642802,0.521735429763794,0.021760728536026563,,"{'model__colsample_bytree': 0.8, 'model__learning_rate': 0.1, 'model__max_depth': 3, 'model__min_child_weight': 5, 'model__n_estimators': 200, 'model__subsample': 1.0}",0.23262609123128208,0.2388069097915747,0.2416480542361642,0.23769368508634034,0.003766378105344135,37,0.2735119471685076,0.2716537949374017,0.27031409713076426,0.27182661307889117,0.00131122355035151,3.0,,,200.0,0.8,0.1,5.0,1.0,,,
XGBoost,10.594473838806152,0.6942199711895735,0.5701858202616373,0.04148545018570353,,"{'model__colsample_bytree': 0.8, 'model__learning_rate': 0.1, 'model__max_depth': 3, 'model__min_child_weight': 5, 'model__n_estimators': 300, 'model__subsample': 0.8}",0.2348078387225997,0.24178808753313244,0.24423661477401007,0.2402775136765807,0.003994732322195116,1,0.28817858828304,0.2855437558581715,0.2824938467199776,0.28540539695372974,0.002322847254202041,3.0,,,300.0,0.8,0.1,5.0,0.8,,,
XGBoost,9.707221190134684,0.04190830996333539,0.5290736357371012,0.009321850044732734,,"{'model__colsample_bytree': 0.8, 'model__learning_rate': 0.1, 'model__max_depth': 3, 'model__min_child_weight': 5, 'model__n_estimators': 300, 'model__subsample': 1.0}",0.2340896962748742,0.24037983464352053,0.2429920687527321,0.2391538665570423,0.0037363357491378155,12,0.2860234887905786,0.283738263164773,0.28329266769126227,0.28435147321553794,0.001196206753000825,3.0,,,300.0,0.8,0.1,5.0,1.0,,,
XGBoost,6.39465316136678,0.023779289369512045,0.49276041984558105,0.011180924727564778,,"{'model__colsample_bytree': 0.8, 'model__learning_rate': 0.1, 'model__max_depth': 5, 'model__min_child_weight': 1, 'model__n_estimators': 100, 'model__subsample': 0.8}",0.23318776143976033,0.23903940032793242,0.24044977586744748,0.23755897921171343,0.003144089523534004,40,0.3151182014814309,0.31598489829141657,0.3126150032380097,0.31457270100361906,0.0014288051526161472,5.0,,,100.0,0.8,0.1,1.0,0.8,,,
XGBoost,6.626547177632649,0.027066809534301448,0.4900999069213867,0.021594431032083222,,"{'model__colsample_bytree': 0.8, 'model__learning_rate': 0.1, 'model__max_depth': 5, 'model__min_child_weight': 1, 'model__n_estimators': 100, 'model__subsample': 1.0}",0.23149919028769345,0.23668573588717115,0.2433105650725077,0.2371651637491241,0.004833875731608407,50,0.31892335285143314,0.3156725796315967,0.31336012378041556,0.31598535208781514,0.0022819216143681017,5.0,,,100.0,0.8,0.1,1.0,1.0,,,
XGBoost,9.235283136367798,0.4814825455191449,0.5654036998748779,0.03403544072538223,,"{'model__colsample_bytree': 0.8, 'model__learning_rate': 0.1, 'model__max_depth': 5, 'model__min_child_weight': 1, 'model__n_estimators': 200, 'model__subsample': 0.8}",0.23223665177674555,0.23769738494882844,0.2403370664782405,0.2367570344012715,0.0033731660645222564,55,0.37449271605788415,0.3735573586509964,0.36888239073244444,0.37231082181377495,0.0024541567634294745,5.0,,,200.0,0.8,0.1,1.0,0.8,,,
XGBoost,8.705668926239014,0.03186389348213585,0.5402842362721761,0.02199779175152227,,"{'model__colsample_bytree': 0.8, 'model__learning_rate': 0.1, 'model__max_depth': 5, 'model__min_child_weight': 1, 'model__n_estimators': 200, 'model__subsample': 1.0}",0.23256036042730516,0.23662197985418235,0.24318883811120678,0.23745705946423143,0.0043790526323729375,43,0.37302631874372855,0.36840344766670413,0.3674602358737714,0.36963000076140134,0.0024322340895277165,5.0,,,200.0,0.8,0.1,1.0,1.0,,,
XGBoost,12.652802387873331,0.7053106229622806,0.556023359298706,0.013813448898381826,,"{'model__colsample_bytree': 0.8, 'model__learning_rate': 0.1, 'model__max_depth': 5, 'model__min_child_weight': 1, 'model__n_estimators': 300, 'model__subsample': 0.8}",0.23101174045640277,0.23613111819618543,0.23887335134420185,0.23533873666559668,0.0032580293435658177,71,0.4310895295416593,0.4264868640703503,0.42501953433708817,0.42753197598303255,0.002585911139025206,5.0,,,300.0,0.8,0.1,1.0,0.8,,,
XGBoost,11.027228275934855,0.2116538753409692,0.5801487763722738,0.015631512633372625,,"{'model__colsample_bytree': 0.8, 'model__learning_rate': 0.1, 'model__max_depth': 5, 'model__min_child_weight': 1, 'model__n_estimators': 300, 'model__subsample': 1.0}",0.2319177269141337,0.2363103400067076,0.24213278787508702,0.2367869515986428,0.004183876716330072,54,0.42461408410713436,0.41617669697811044,0.4188323203459753,0.4198743671437401,0.0035224774934510174,5.0,,,300.0,0.8,0.1,1.0,1.0,,,
XGBoost,6.9016932646433515,0.21142875946260553,0.4732198715209961,0.009224349482454337,,"{'model__colsample_bytree': 0.8, 'model__learning_rate': 0.1, 'model__max_depth': 5, 'model__min_child_weight': 5, 'model__n_estimators': 100, 'model__subsample': 0.8}",0.23198499703554035,0.23807777695670326,0.24271902611471707,0.2375939333689869,0.0043954843139433885,38,0.3091555264974831,0.3060986133084307,0.3059339739346473,0.30706270458018703,0.0014813741850021388,5.0,,,100.0,0.8,0.1,5.0,0.8,,,
XGBoost,6.576682488123576,0.10175690678010531,0.4696510632832845,0.0015882496180482355,,"{'model__colsample_bytree': 0.8, 'model__learning_rate': 0.1, 'model__max_depth': 5, 'model__min_child_weight': 5, 'model__n_estimators': 100, 'model__subsample': 1.0}",0.23247361256313287,0.23708198012517434,0.24420844974567565,0.2379213474779943,0.004827352904020459,31,0.3068722873112296,0.3092551614822794,0.30390256786847436,0.30667667222066114,0.0021895606174725515,5.0,,,100.0,0.8,0.1,5.0,1.0,,,
XGBoost,8.705019076665243,0.1875881509826371,0.5286115010579427,0.0025706598734696125,,"{'model__colsample_bytree': 0.8, 'model__learning_rate': 0.1, 'model__max_depth': 5, 'model__min_child_weight': 5, 'model__n_estimators': 200, 'model__subsample': 0.8}",0.23117180148333888,0.23763491759198774,0.2429498543343008,0.23725219113654247,0.004815979782265587,49,0.35861614764439653,0.3523894644605592,0.354414625650167,0.3551400792517076,0.0025932743863003034,5.0,,,200.0,0.8,0.1,5.0,0.8,,,
XGBoost,8.475175937016806,0.10914443183409472,0.5299499829610189,0.01266578835400135,,"{'model__colsample_bytree': 0.8, 'model__learning_rate': 0.1, 'model__max_depth': 5, 'model__min_child_weight': 5, 'model__n_estimators': 200, 'model__subsample': 1.0}",0.23176772744079233,0.23809417595339258,0.2438844135344232,0.23791543897620268,0.004948230704211904,32,0.3561388660570951,0.3551225716703231,0.3517481933084899,0.35433654367863604,0.001876678235450927,5.0,,,200.0,0.8,0.1,5.0,1.0,,,
XGBoost,12.474083185195923,1.0273534386213732,0.6005745728810629,0.04512173556269768,,"{'model__colsample_bytree': 0.8, 'model__learning_rate': 0.1, 'model__max_depth': 5, 'model__min_child_weight': 5, 'model__n_estimators': 300, 'model__subsample': 0.8}",0.2301804583965692,0.23566240706672661,0.241317038446141,0.23571996796981223,0.004546671950874484,65,0.401687665905626,0.39408571388351993,0.39879542801384543,0.3981896026009972,0.0031329099316493004,5.0,,,300.0,0.8,0.1,5.0,0.8,,,
XGBoost,11.961819330851236,0.5077173876275525,0.6264878114064535,0.0736442472478293,,"{'model__colsample_bytree': 0.8, 'model__learning_rate': 0.1, 'model__max_depth': 5, 'model__min_child_weight': 5, 'model__n_estimators': 300, 'model__subsample': 1.0}",0.2312062447170995,0.23699307622116916,0.2442517943849578,0.23748370510774217,0.005337110895256248,42,0.404084105126686,0.3977101708215469,0.39782669295641365,0.39987365630154886,0.002977616925641783,5.0,,,300.0,0.8,0.1,5.0,1.0,,,
XGBoost,6.001929759979248,0.10119368907436745,0.4635099569956462,0.03372600573526784,,"{'model__colsample_bytree': 1.0, 'model__learning_rate': 0.05, 'model__max_depth': 3, 'model__min_child_weight': 1, 'model__n_estimators': 100, 'model__subsample': 0.8}",0.2247811382806144,0.22909355137868836,0.23060299626740735,0.2281592286422367,0.0024668774914162325,90,0.24288216866738485,0.23977420915680053,0.23806574594460095,0.24024070792292876,0.001993773271168123,3.0,,,100.0,1.0,0.05,1.0,0.8,,,
XGBoost,5.924351056416829,0.38779481722802744,0.4448843797047933,0.009089576719891215,,"{'model__colsample_bytree': 1.0, 'model__learning_rate': 0.05, 'model__max_depth': 3, 'model__min_child_weight': 1, 'model__n_estimators': 100, 'model__subsample': 1.0}",0.22330679884215088,0.22930307574671133,0.23028874592070883,0.22763287350319036,0.0030853501046767097,93,0.2425713598621341,0.23955897718507757,0.23825733792310722,0.24012922499010628,0.0018067619732468692,3.0,,,100.0,1.0,0.05,1.0,1.0,,,
XGBoost,7.927680333455403,0.20148923213911588,0.5186416308085123,0.005706153314425406,,"{'model__colsample_bytree': 1.0, 'model__learning_rate': 0.05, 'model__max_depth': 3, 'model__min_child_weight': 1, 'model__n_estimators': 200, 'model__subsample': 0.8}",0.23201695109629636,0.23708122041277963,0.23890821623165764,0.23600212924691122,0.0029149856603024014,59,0.25949865589312643,0.2570861877493893,0.2549981670642138,0.2571943369022432,0.0018389076656608043,3.0,,,200.0,1.0,0.05,1.0,0.8,,,
XGBoost,7.910746177037557,0.11813612906880872,0.515239397684733,0.0327207289484161,,"{'model__colsample_bytree': 1.0, 'model__learning_rate': 0.05, 'model__max_depth': 3, 'model__min_child_weight': 1, 'model__n_estimators': 200, 'model__subsample': 1.0}",0.23130744997112235,0.2364590351601981,0.23787159055843218,0.23521269189658423,0.0028209943944832476,72,0.258871576621219,0.2568708278416102,0.254854419637392,0.2568656080334071,0.0016400016245877605,3.0,,,200.0,1.0,0.05,1.0,1.0,,,
XGBoost,10.364505767822266,0.5010676889856791,0.5150075753529867,0.003342644556819809,,"{'model__colsample_bytree': 1.0, 'model__learning_rate': 0.05, 'model__max_depth': 3, 'model__min_child_weight': 1, 'model__n_estimators': 300, 'model__subsample': 0.8}",0.23391721446899685,0.23869760586551547,0.24181032683558906,0.2381417157233671,0.0032462353678803586,28,0.2697343987743968,0.2673280982829481,0.26494492997923746,0.26733580901219417,0.001955300049687244,3.0,,,300.0,1.0,0.05,1.0,0.8,,,
XGBoost,10.35843006769816,0.22884647930782506,0.5189441839853922,0.008438683645806258,,"{'model__colsample_bytree': 1.0, 'model__learning_rate': 0.05, 'model__max_depth': 3, 'model__min_child_weight': 1, 'model__n_estimators': 300, 'model__subsample': 1.0}",0.2337590262566252,0.23829764073036086,0.2399528116777666,0.23733649288825087,0.0026183453224737753,46,0.26819319329498414,0.26621987442669304,0.26467158504082855,0.26636155092083524,0.0014411766825938967,3.0,,,300.0,1.0,0.05,1.0,1.0,,,
XGBoost,5.963735977808635,0.16126934617502575,0.4757701555887858,0.021608047724527395,,"{'model__colsample_bytree': 1.0, 'model__learning_rate': 0.05, 'model__max_depth': 3, 'model__min_child_weight': 5, 'model__n_estimators': 100, 'model__subsample': 0.8}",0.22443677001121407,0.2291189293323741,0.23110956649142037,0.22822175527833619,0.002797051325830177,89,0.2424981794282078,0.23968971672891287,0.23838734400722816,0.2401917467214496,0.001715375090109072,3.0,,,100.0,1.0,0.05,5.0,0.8,,,
XGBoost,6.072446505228679,0.2006071218872463,0.4811844031016032,0.025134948296677416,,"{'model__colsample_bytree': 1.0, 'model__learning_rate': 0.05, 'model__max_depth': 3, 'model__min_child_weight': 5, 'model__n_estimators': 100, 'model__subsample': 1.0}",0.22319781867946833,0.2293265444186325,0.23022983011973908,0.22758473107261332,0.0031238578204204072,94,0.24242625511990562,0.23940648198324244,0.2378667980284667,0.2398998450438716,0.0018937999849268144,3.0,,,100.0,1.0,0.05,5.0,1.0,,,
XGBoost,7.96675181388855,0.05405634185451601,0.5218724409739176,0.047981563232263,,"{'model__colsample_bytree': 1.0, 'model__learning_rate': 0.05, 'model__max_depth': 3, 'model__min_child_weight': 5, 'model__n_estimators': 200, 'model__subsample': 0.8}",0.23173732030939764,0.2364168228227698,0.23888809832573468,0.235680747152634,0.0029653287736614324,67,0.2587592750202089,0.256140669492798,0.25448529492678706,0.2564617464799313,0.0017595537850056354,3.0,,,200.0,1.0,0.05,5.0,0.8,,,
XGBoost,7.919589837392171,0.07312578207846562,0.49076104164123535,0.00353052591209147,,"{'model__colsample_bytree': 1.0, 'model__learning_rate': 0.05, 'model__max_depth': 3, 'model__min_child_weight': 5, 'model__n_estimators': 200, 'model__subsample': 1.0}",0.23148367003050596,0.23594950792546868,0.23776232058563634,0.23506516618053697,0.0026384223113736457,75,0.25868146281696525,0.25650098026375273,0.2547468060555177,0.2566430830454119,0.001609456607682168,3.0,,,200.0,1.0,0.05,5.0,1.0,,,
XGBoost,9.99593194325765,0.03829382174620697,0.5215768814086914,0.004262646434753952,,"{'model__colsample_bytree': 1.0, 'model__learning_rate': 0.05, 'model__max_depth': 3, 'model__min_child_weight': 5, 'model__n_estimators': 300, 'model__subsample': 0.8}",0.2341461890238365,0.23816033959880822,0.24164717253831355,0.23798456705365276,0.0030647849747126887,29,0.26879890088712977,0.2660441217931948,0.26419072227315515,0.2663445816511599,0.0018932396624586033,3.0,,,300.0,1.0,0.05,5.0,0.8,,,
XGBoost,10.275465170542398,0.2539580225125413,0.5252837340037028,0.00925310470423691,,"{'model__colsample_bytree': 1.0, 'model__learning_rate': 0.05, 'model__max_depth': 3, 'model__min_child_weight': 5, 'model__n_estimators': 300, 'model__subsample': 1.0}",0.23378146169641495,0.23850691695041293,0.2399017297625479,0.23739670280312528,0.002619014049849032,44,0.26832217057071794,0.2657565419855402,0.26471816803439424,0.2662656268635508,0.001514724205968688,3.0,,,300.0,1.0,0.05,5.0,1.0,,,
XGBoost,7.263132333755493,0.3838613159865108,0.5094664096832275,0.0427441077641764,,"{'model__colsample_bytree': 1.0, 'model__learning_rate': 0.05, 'model__max_depth': 5, 'model__min_child_weight': 1, 'model__n_estimators': 100, 'model__subsample': 0.8}",0.23023034286432079,0.2376394026808281,0.23877735809762812,0.23554903454759235,0.0037894675570527116,69,0.28424924329364587,0.2823436890340926,0.27838394105988085,0.28165895779587313,0.002442960666185938,5.0,,,100.0,1.0,0.05,1.0,0.8,,,
XGBoost,7.158679644266765,0.22553224172593442,0.5083471139272054,0.045097312805088455,,"{'model__colsample_bytree': 1.0, 'model__learning_rate': 0.05, 'model__max_depth': 5, 'model__min_child_weight': 1, 'model__n_estimators': 100, 'model__subsample': 1.0}",0.22952834635177854,0.23493883721578973,0.23856220908317277,0.23434313088358036,0.0037120361427922686,86,0.2858522177399193,0.2824728417229496,0.27989699978685567,0.28274068641657485,0.0024385734630517457,5.0,,,100.0,1.0,0.05,1.0,1.0,,,
XGBoost,9.942354758580526,0.5451050133893955,0.5158270994822184,0.0020584226745357695,,"{'model__colsample_bytree': 1.0, 'model__learning_rate': 0.05, 'model__max_depth': 5, 'model__min_child_weight': 1, 'model__n_estimators': 200, 'model__subsample': 0.8}",0.23327050053507,0.2400183414573591,0.24264920443312582,0.23864601547518496,0.00394989288064579,17,0.32149700261203706,0.32001305235685984,0.3152688002492554,0.3189262850727174,0.002656240892106918,5.0,,,200.0,1.0,0.05,1.0,0.8,,,
XGBoost,9.365559736887613,0.29459060494309297,0.5287418365478516,0.01326963639154033,,"{'model__colsample_bytree': 1.0, 'model__learning_rate': 0.05, 'model__max_depth': 5, 'model__min_child_weight': 1, 'model__n_estimators': 200, 'model__subsample': 1.0}",0.233164649030337,0.23718509957510214,0.2423956649705642,0.23758180452533448,0.0037789720767545765,39,0.32163878068940105,0.31722939765183333,0.31758049838401775,0.3188162255750841,0.002000988249349625,5.0,,,200.0,1.0,0.05,1.0,1.0,,,
XGBoost,12.729286432266235,1.1751607436648874,0.5575329462687174,0.0025608086671028325,,"{'model__colsample_bytree': 1.0, 'model__learning_rate': 0.05, 'model__max_depth': 5, 'model__min_child_weight': 1, 'model__n_estimators': 300, 'model__subsample': 0.8}",0.23376093112830976,0.24059112090994456,0.24335463046105277,0.23923556083310235,0.004032197421027789,8,0.35346734181295325,0.3505666327535538,0.3472363145796395,0.35042342971538215,0.002545820814351842,5.0,,,300.0,1.0,0.05,1.0,0.8,,,
XGBoost,11.970548152923584,0.06238937813104927,0.5627985000610352,0.005929909987491716,,"{'model__colsample_bytree': 1.0, 'model__learning_rate': 0.05, 'model__max_depth': 5, 'model__min_child_weight': 1, 'model__n_estimators': 300, 'model__subsample': 1.0}",0.23311515807854327,0.237555811941675,0.2426639234046729,0.23777829780829707,0.003901440313867759,34,0.34874110951006027,0.34528300251889105,0.3464316306329912,0.34681858088731415,0.0014380365932024153,5.0,,,300.0,1.0,0.05,1.0,1.0,,,
XGBoost,6.947863340377808,0.06770243417216201,0.4913848241170247,0.02492473185735496,,"{'model__colsample_bytree': 1.0, 'model__learning_rate': 0.05, 'model__max_depth': 5, 'model__min_child_weight': 5, 'model__n_estimators': 100, 'model__subsample': 0.8}",0.2308803043995012,0.23719382974248537,0.23916257448508724,0.23574556954235792,0.0035329017957955616,64,0.2816060130348956,0.28015301645169005,0.2751083761050644,0.27895580186388336,0.0027844584745714807,5.0,,,100.0,1.0,0.05,5.0,0.8,,,
XGBoost,7.293570836385091,0.1963681869488947,0.4787919521331787,0.004114711007958186,,"{'model__colsample_bytree': 1.0, 'model__learning_rate': 0.05, 'model__max_depth': 5, 'model__min_child_weight': 5, 'model__n_estimators': 100, 'model__subsample': 1.0}",0.2299061539020035,0.23578711640284958,0.2394625951991515,0.2350519551680015,0.003935881019320953,76,0.2821769846679303,0.2800623770296655,0.27706262405710846,0.27976732858490144,0.002098326524153589,5.0,,,100.0,1.0,0.05,5.0,1.0,,,
XGBoost,9.992361704508463,0.757736028254376,0.5182889302571615,0.006257725085868147,,"{'model__colsample_bytree': 1.0, 'model__learning_rate': 0.05, 'model__max_depth': 5, 'model__min_child_weight': 5, 'model__n_estimators': 200, 'model__subsample': 0.8}",0.23437616529981897,0.23985599083745165,0.24368295032312648,0.23930503548679904,0.003819400102662266,6,0.31428900552858663,0.31293762960365656,0.3078381219084815,0.3116882523469082,0.0027777907909338367,5.0,,,200.0,1.0,0.05,5.0,0.8,,,
XGBoost,9.520878712336222,0.5264826856340116,0.5251878897349039,0.005137020514404979,,"{'model__colsample_bytree': 1.0, 'model__learning_rate': 0.05, 'model__max_depth': 5, 'model__min_child_weight': 5, 'model__n_estimators': 200, 'model__subsample': 1.0}",0.23317050580241364,0.238485474256029,0.2433694245573741,0.2383418015386056,0.004164930357950771,23,0.31184973023716056,0.3119782749514456,0.3087436988764375,0.31085723468834786,0.0014954165879030588,5.0,,,200.0,1.0,0.05,5.0,1.0,,,
XGBoost,11.928853591283163,0.07074898000475872,0.5551848411560059,0.009585384565004079,,"{'model__colsample_bytree': 1.0, 'model__learning_rate': 0.05, 'model__max_depth': 5, 'model__min_child_weight': 5, 'model__n_estimators': 300, 'model__subsample': 0.8}",0.23458089137303711,0.24070194666551842,0.24436506705235594,0.23988263503030383,0.004036167910088481,2,0.34071147119186374,0.3380147967734185,0.3346177967278307,0.3377813548977043,0.0024932025523283327,5.0,,,300.0,1.0,0.05,5.0,0.8,,,
XGBoost,12.139651775360107,0.3184062224808759,0.5800437132517496,0.024567923746946326,,"{'model__colsample_bytree': 1.0, 'model__learning_rate': 0.05, 'model__max_depth': 5, 'model__min_child_weight': 5, 'model__n_estimators': 300, 'model__subsample': 1.0}",0.23340517350894985,0.23875895695326077,0.2433805357381456,0.23851488873345206,0.004076079805634886,19,0.33699107302134246,0.33625189872554373,0.33339398681712995,0.335545652854672,0.001551095250186453,5.0,,,300.0,1.0,0.05,5.0,1.0,,,
XGBoost,5.884560426076253,0.4362084784098185,0.49640123049418133,0.0445433252966695,,"{'model__colsample_bytree': 1.0, 'model__learning_rate': 0.1, 'model__max_depth': 3, 'model__min_child_weight': 1, 'model__n_estimators': 100, 'model__subsample': 0.8}",0.22970895756990603,0.23541839528163022,0.23743961737296135,0.23418899007483254,0.0032735661613923703,87,0.2585537066248407,0.25603116340787435,0.2542513499729603,0.25627874000189177,0.0017651324440248685,3.0,,,100.0,1.0,0.1,1.0,0.8,,,
XGBoost,5.563342889149983,0.1232947788171508,0.4607451756795247,0.006971009368780452,,"{'model__colsample_bytree': 1.0, 'model__learning_rate': 0.1, 'model__max_depth': 3, 'model__min_child_weight': 1, 'model__n_estimators': 100, 'model__subsample': 1.0}",0.23072670989791078,0.23549569014274357,0.23838321277954375,0.23486853760673268,0.0031570555186420306,81,0.258780743200204,0.2558767993426111,0.2549286662937079,0.256528736278841,0.0016387780915478334,3.0,,,100.0,1.0,0.1,1.0,1.0,,,
XGBoost,7.602457602818807,0.06768099068570681,0.5240453084309896,0.05000015530726191,,"{'model__colsample_bytree': 1.0, 'model__learning_rate': 0.1, 'model__max_depth': 3, 'model__min_child_weight': 1, 'model__n_estimators': 200, 'model__subsample': 0.8}",0.23302845333051783,0.2385581108509543,0.24152880754645623,0.23770512390930945,0.0035222810309104976,36,0.2771346872904444,0.27405011067224505,0.27180651906993536,0.2743304390108749,0.002184228640289261,3.0,,,200.0,1.0,0.1,1.0,0.8,,,
XGBoost,7.860188881556193,0.39683188124884716,0.5187153816223145,0.02365661835647676,,"{'model__colsample_bytree': 1.0, 'model__learning_rate': 0.1, 'model__max_depth': 3, 'model__min_child_weight': 1, 'model__n_estimators': 200, 'model__subsample': 1.0}",0.23416019293361515,0.2387189009367213,0.24161128799014356,0.23816346062016,0.0030671474091628764,26,0.27659215118364494,0.27267729769503907,0.27324016832346226,0.2741698724007154,0.0017281554159967326,3.0,,,200.0,1.0,0.1,1.0,1.0,,,
XGBoost,9.529038747151693,0.09259901174856473,0.5215826829274496,0.0020793983819024668,,"{'model__colsample_bytree': 1.0, 'model__learning_rate': 0.1, 'model__max_depth': 3, 'model__min_child_weight': 1, 'model__n_estimators': 300, 'model__subsample': 0.8}",0.23342429434261178,0.2398222822456016,0.24269673648365175,0.23864777102395504,0.003875491648127909,16,0.2919703701380447,0.28727399565880807,0.28640768819289397,0.2885506846632489,0.002443809692027547,3.0,,,300.0,1.0,0.1,1.0,0.8,,,
XGBoost,9.653737942377726,0.31739313156645044,0.5159663359324137,0.010029418557110089,,"{'model__colsample_bytree': 1.0, 'model__learning_rate': 0.1, 'model__max_depth': 3, 'model__min_child_weight': 1, 'model__n_estimators': 300, 'model__subsample': 1.0}",0.2349083086664379,0.23960531666538856,0.2432828084405549,0.2392654779241271,0.003427309867735729,7,0.2899142411115233,0.28575625226949053,0.28657323577355015,0.2874145763848546,0.0017987233103491226,3.0,,,300.0,1.0,0.1,1.0,1.0,,,
XGBoost,6.007856448491414,0.2587017019549879,0.4612477620442708,0.0035026442868411134,,"{'model__colsample_bytree': 1.0, 'model__learning_rate': 0.1, 'model__max_depth': 3, 'model__min_child_weight': 5, 'model__n_estimators': 100, 'model__subsample': 0.8}",0.2294190278977901,0.23513317068908302,0.2379845644260265,0.23417892100429985,0.0035613713042234748,88,0.2581346759866472,0.2553458426085825,0.2525716300246601,0.2553507162066299,0.002271106618334428,3.0,,,100.0,1.0,0.1,5.0,0.8,,,
XGBoost,5.887553294499715,0.26327399492492515,0.4609111150105794,0.007496105686779975,,"{'model__colsample_bytree': 1.0, 'model__learning_rate': 0.1, 'model__max_depth': 3, 'model__min_child_weight': 5, 'model__n_estimators': 100, 'model__subsample': 1.0}",0.23098176880600257,0.23532141902468232,0.23842494445367665,0.23490937742812054,0.0030525999452384856,79,0.25780699234127136,0.2548853185708213,0.2546388113924587,0.2557770407681838,0.0014389160246650022,3.0,,,100.0,1.0,0.1,5.0,1.0,,,
XGBoost,7.646145025889079,0.11100980118834781,0.5082805951436361,0.025034369971030798,,"{'model__colsample_bytree': 1.0, 'model__learning_rate': 0.1, 'model__max_depth': 3, 'model__min_child_weight': 5, 'model__n_estimators': 200, 'model__subsample': 0.8}",0.2330958960966455,0.23835039880304035,0.2424660619767096,0.23797078562546514,0.0038347604686969254,30,0.2761196439534108,0.2719644770697677,0.2705011078707082,0.2728617429646289,0.0023798881616186205,3.0,,,200.0,1.0,0.1,5.0,0.8,,,
XGBoost,7.419614394505818,0.0844753069445404,0.5049177805582682,0.040884109413256084,,"{'model__colsample_bytree': 1.0, 'model__learning_rate': 0.1, 'model__max_depth': 3, 'model__min_child_weight': 5, 'model__n_estimators': 200, 'model__subsample': 1.0}",0.2339259300032924,0.23851738224656827,0.24202630224821414,0.23815653816602497,0.003316792020856097,27,0.2748413710650384,0.2716181380003966,0.27223299565966297,0.2728975015750326,0.0013972553884720065,3.0,,,200.0,1.0,0.1,5.0,1.0,,,
XGBoost,11.111729145050049,1.8153275186218043,0.6200536886850992,0.07475193596396523,,"{'model__colsample_bytree': 1.0, 'model__learning_rate': 0.1, 'model__max_depth': 3, 'model__min_child_weight': 5, 'model__n_estimators': 300, 'model__subsample': 0.8}",0.2347645887406664,0.23918536020135284,0.24403249267297952,0.23932748053833294,0.003784940287268629,5,0.28915291054066633,0.2852569148077121,0.28339432922086316,0.2859347181897472,0.002399288474071729,3.0,,,300.0,1.0,0.1,5.0,0.8,,,
XGBoost,10.805829842885336,0.12144378533169312,0.5883920192718506,0.008429847089947439,,"{'model__colsample_bytree': 1.0, 'model__learning_rate': 0.1, 'model__max_depth': 3, 'model__min_child_weight': 5, 'model__n_estimators': 300, 'model__subsample': 1.0}",0.23444616268703788,0.23946529966000998,0.2436255704764988,0.2391790109411822,0.0037529413144181505,10,0.2879250964563891,0.2845016773572242,0.2858956486893253,0.2861074741676462,0.0014056083160162661,3.0,,,300.0,1.0,0.1,5.0,1.0,,,
XGBoost,7.6931445598602295,0.23036910088762308,0.577613115310669,0.033313700352869666,,"{'model__colsample_bytree': 1.0, 'model__learning_rate': 0.1, 'model__max_depth': 5, 'model__min_child_weight': 1, 'model__n_estimators': 100, 'model__subsample': 0.8}",0.23157628388492668,0.2391365756089488,0.23983173018134712,0.23684819655840753,0.0037385921947071295,52,0.3191447593084312,0.31916429845582495,0.3136476595171024,0.31731890576045285,0.0025959753695616876,5.0,,,100.0,1.0,0.1,1.0,0.8,,,
XGBoost,7.430900812149048,0.10646800976721112,0.5680166880289713,0.04128227838094428,,"{'model__colsample_bytree': 1.0, 'model__learning_rate': 0.1, 'model__max_depth': 5, 'model__min_child_weight': 1, 'model__n_estimators': 100, 'model__subsample': 1.0}",0.2311798558474937,0.2369826410122896,0.24061786605758487,0.23626012097245605,0.0038867754919656356,58,0.31869260669730815,0.3167147287337219,0.3164790558080417,0.31729546374635725,0.0009926032275515034,5.0,,,100.0,1.0,0.1,1.0,1.0,,,
XGBoost,10.983425378799438,0.5246715428991668,0.5958484013875326,0.02764415325900402,,"{'model__colsample_bytree': 1.0, 'model__learning_rate': 0.1, 'model__max_depth': 5, 'model__min_child_weight': 1, 'model__n_estimators': 200, 'model__subsample': 0.8}",0.23112365708144447,0.23851269106348288,0.2415238253084585,0.23705339115112864,0.004369442524563512,51,0.3803668395140075,0.3790088202727804,0.37615208509722076,0.37850924829466953,0.0017565530297414967,5.0,,,200.0,1.0,0.1,1.0,0.8,,,
XGBoost,9.494863351186117,0.16029626896924987,0.5712214310963949,0.01868084712113964,,"{'model__colsample_bytree': 1.0, 'model__learning_rate': 0.1, 'model__max_depth': 5, 'model__min_child_weight': 1, 'model__n_estimators': 200, 'model__subsample': 1.0}",0.2313391744308052,0.23710796812333212,0.24137790058577752,0.23660834771330497,0.00411349171379726,56,0.37540477911450054,0.3684723217880861,0.3760427871003517,0.3733066293343128,0.0034282804860095426,5.0,,,200.0,1.0,0.1,1.0,1.0,,,
XGBoost,13.509911934534708,1.4322910758181688,0.6082429885864258,0.007183784540070827,,"{'model__colsample_bytree': 1.0, 'model__learning_rate': 0.1, 'model__max_depth': 5, 'model__min_child_weight': 1, 'model__n_estimators': 300, 'model__subsample': 0.8}",0.23000408337797593,0.2360117421026912,0.2410575369217829,0.23569112080081667,0.0045182450373042315,66,0.4385265064065546,0.4313211218888995,0.4298313645857615,0.4332263309604052,0.0037968178804131136,5.0,,,300.0,1.0,0.1,1.0,0.8,,,
XGBoost,12.699308713277182,0.3444359559592015,0.6614067554473877,0.0704679400745022,,"{'model__colsample_bytree': 1.0, 'model__learning_rate': 0.1, 'model__max_depth': 5, 'model__min_child_weight': 1, 'model__n_estimators': 300, 'model__subsample': 1.0}",0.23101405180675655,0.23576544706804392,0.24073641079335661,0.2358386365560524,0.0039694738183582105,61,0.4251684582768428,0.421554450028567,0.42951866304060504,0.42541385711533825,0.0032560034467355005,5.0,,,300.0,1.0,0.1,1.0,1.0,,,
XGBoost,7.099101305007935,0.06370967362365923,0.5340544382731119,0.019918180700858483,,"{'model__colsample_bytree': 1.0, 'model__learning_rate': 0.1, 'model__max_depth': 5, 'model__min_child_weight': 5, 'model__n_estimators': 100, 'model__subsample': 0.8}",0.23262629952893243,0.2375126961541666,0.24174948539127084,0.2372961603581233,0.0037276709335203662,47,0.3115264139573254,0.309544986960578,0.30615737130996157,0.3090762574092883,0.0022168198365364188,5.0,,,100.0,1.0,0.1,5.0,0.8,,,
XGBoost,7.362401564915975,0.18831362785385505,0.5372088750203451,0.0409151333860946,,"{'model__colsample_bytree': 1.0, 'model__learning_rate': 0.1, 'model__max_depth': 5, 'model__min_child_weight': 5, 'model__n_estimators': 100, 'model__subsample': 1.0}",0.2318752260364599,0.2368899766612384,0.24175996790049262,0.23684172353273028,0.0040355732102514115,53,0.3137478292478444,0.30796445948546414,0.30701013813580214,0.30957414228970354,0.002976847261563969,5.0,,,100.0,1.0,0.1,5.0,1.0,,,
XGBoost,10.329128742218018,0.7757331774176515,0.571526288986206,0.032648421895527226,,"{'model__colsample_bytree': 1.0, 'model__learning_rate': 0.1, 'model__max_depth': 5, 'model__min_child_weight': 5, 'model__n_estimators': 200, 'model__subsample': 0.8}",0.23226808984005637,0.2373198319577513,0.24252254264251127,0.23737015481343962,0.004186514052032414,45,0.36450399632789865,0.35693824591006656,0.3569685870719995,0.35947027643665486,0.003559399022696014,5.0,,,200.0,1.0,0.1,5.0,0.8,,,
XGBoost,9.38648772239685,0.06603960347437986,0.5704247156778971,0.01456558776178334,,"{'model__colsample_bytree': 1.0, 'model__learning_rate': 0.1, 'model__max_depth': 5, 'model__min_child_weight': 5, 'model__n_estimators': 200, 'model__subsample': 1.0}",0.23190152503434633,0.23556500473542497,0.2420915634047317,0.236519364391501,0.004214445179960682,57,0.360287823768092,0.35577985514190313,0.35804028812483774,0.35803598901161093,0.0018403729957912796,5.0,,,200.0,1.0,0.1,5.0,1.0,,,
XGBoost,12.877061287562052,0.9314109631889415,0.6105905373891195,0.012214410769595849,,"{'model__colsample_bytree': 1.0, 'model__learning_rate': 0.1, 'model__max_depth': 5, 'model__min_child_weight': 5, 'model__n_estimators': 300, 'model__subsample': 0.8}",0.2304845701123151,0.23702892542840615,0.23999640435601652,0.23583663329891258,0.003973656423786698,62,0.410114106802828,0.40182294391125756,0.4047023225613967,0.4055464577584941,0.0034370790599841878,5.0,,,300.0,1.0,0.1,5.0,0.8,,,
XGBoost,11.845136006673178,0.5313310652531632,0.5681306521097819,0.04246805061923296,,"{'model__colsample_bytree': 1.0, 'model__learning_rate': 0.1, 'model__max_depth': 5, 'model__min_child_weight': 5, 'model__n_estimators': 300, 'model__subsample': 1.0}",0.23048818277697872,0.23517818482698238,0.24137327336068337,0.23567988032154816,0.004457957157773399,68,0.40638359335296215,0.39942517956914614,0.4033546030552073,0.4030544586591052,0.0028486775400272768,5.0,,,300.0,1.0,0.1,5.0,1.0,,,
LightGBM,6.473675966262817,0.07393595044499521,0.7385412057240804,0.02792888457774613,,"{'model__learning_rate': 0.05, 'model__min_child_samples': 20, 'model__n_estimators': 100, 'model__num_leaves': 31}",0.22968631876343687,0.23854933286237712,0.24043502494720304,0.23622355885767235,0.004686191751444067,4,0.3037047646820219,0.3050190229988524,0.30381311912443676,0.3041789689351037,0.0005956527477276898,,,,100.0,,0.05,,,20.0,31.0,
LightGBM,7.758241891860962,0.32150123546371834,0.8224369684855143,0.02721862709778906,,"{'model__learning_rate': 0.05, 'model__min_child_samples': 20, 'model__n_estimators': 100, 'model__num_leaves': 63}",0.23082400312914383,0.2376608677465428,0.24104019947442465,0.23650835678337043,0.0042496178715665444,3,0.38678117024295433,0.3891513161773171,0.3873376535465359,0.3877567133222691,0.0010119638528696706,,,,100.0,,0.05,,,20.0,63.0,
LightGBM,7.287348826726277,0.08898237203479105,0.7982485294342041,0.00708855284402296,,"{'model__learning_rate': 0.05, 'model__min_child_samples': 100, 'model__n_estimators': 100, 'model__num_leaves': 31}",0.23166913494354432,0.23866361048381468,0.24262633450949445,0.23765302664561783,0.00452997537539539,1,0.298654806239644,0.2976399486211775,0.29726691778386943,0.2978538908815636,0.0005864509411152524,,,,100.0,,0.05,,,100.0,31.0,
LightGBM,7.872718572616577,0.0414018276870053,0.8533381621042887,0.0038932424724921217,,"{'model__learning_rate': 0.05, 'model__min_child_samples': 100, 'model__n_estimators': 100, 'model__num_leaves': 63}",0.23223210026432256,0.2384045269635029,0.2414887148220063,0.23737511401661057,0.003848462595964153,2,0.36332334022996493,0.36608828284121453,0.3650691540466946,0.364826925705958,0.0011417042342241224,,,,100.0,,0.05,,,100.0,63.0,
EBM,189.08420570691428,7.235398491202937,0.845091978708903,0.07254585270326672,,{'model__interactions': 0},0.23657089652267893,0.24083515790378446,0.24253581109632938,0.2399806218409309,0.0025090138009152513,2,0.25576720814427534,0.2513705138369209,0.2516599906265103,0.25293257086923554,0.0020078721014566126,,,,,,,,,,,0.0
EBM,232.75904870033264,4.092000579665945,0.8609538078308105,0.11840532966491275,,{'model__interactions': 5},0.23851411135928663,0.24398490777623305,0.24548968919524078,0.24266290277692015,0.0029972703637387486,1,0.2604224489963911,0.2570277586327913,0.2562511449010306,0.25790045084340435,0.0018112865105298843,,,,,,,,,,,5.0
