method,model_family,default_pr_auc,default_recall,default_f1,default_fn,default_fp,best_pr_auc,best_pr_auc_threshold_strategy,best_f1,best_f1_threshold_strategy,best_f1_recall,best_f1_precision,best_f1_fn,best_f1_fp,best_cost_fn5_fp1,best_cost5_threshold_strategy,best_cost5_recall,best_cost5_precision,best_cost5_fn,best_cost5_fp,best_cost_fn10_fp1,best_cost10_threshold_strategy,best_cost10_recall,best_cost10_precision,best_cost10_fn,best_cost10_fp,best_recall,best_recall_threshold_strategy,best_recall_precision,best_recall_fn,best_recall_fp,best_cv_pr_auc,fit_seconds,sampler_applied,sampling_summary_status,train_sampled_count_0,train_sampled_count_1,train_sampled_imbalance_ratio_0_to_1
RandomOverSampler,XGBoost,0.248202,0.67159,0.266475,1223,12546,0.248202,best_f1_threshold,0.305805,best_f1_threshold,0.361439,0.265013,2378,3733,15623,best_f1_threshold,0.361439,0.265013,2378,3733,24714,best_cost_threshold_fn10,0.654941,0.170524,1285,11864,0.67159,threshold_0_5,0.166213,1223,12546,0.23733,896.44,True,recorded_during_fit,197880,197880,1.0
NeighbourhoodCleaningRule,XGBoost,0.247424,0.057465,0.103008,3510,217,0.247424,best_f1_threshold,0.305841,best_f1_threshold,0.375403,0.258029,2326,4020,15645,best_cost_threshold_fn5,0.368153,0.261093,2353,3880,24557,best_cost_threshold_fn10,0.63131,0.178403,1373,10827,0.63131,best_cost_threshold_fn10,0.178403,1373,10827,0.237846,7163.64,True,recorded_during_fit,159442,17377,9.1755
XGBoost_scale_pos_weight,XGBoost,0.247135,0.603383,0.28014,1477,10071,0.247135,best_f1_threshold,0.306721,best_f1_threshold,0.436896,0.236311,2097,5258,15716,best_cost_threshold_fn5,0.402256,0.24622,2226,4586,24717,best_cost_threshold_fn10,0.616541,0.180319,1428,10437,0.616541,best_cost_threshold_fn10,0.180319,1428,10437,0.238565,1888.52,False,no_sampler,197880,17377,11.3875
Original,XGBoost,0.247086,0.01826,0.0355,3656,39,0.247086,best_f1_threshold,0.306946,best_f1_threshold,0.416488,0.243027,2173,4831,15634,best_cost_threshold_fn5,0.356337,0.26668,2397,3649,24736,best_cost_threshold_fn10,0.676692,0.165615,1204,12696,0.676692,best_cost_threshold_fn10,0.165615,1204,12696,0.238759,640.3,False,no_sampler,197880,17377,11.3875
RandomUnderSampler,XGBoost,0.245979,0.679377,0.263062,1194,12981,0.245979,best_f1_threshold,0.30449,best_f1_threshold,0.449785,0.230146,2049,5603,15736,best_cost_threshold_fn5,0.32304,0.277573,2521,3131,24803,best_cost_threshold_fn10,0.675349,0.165156,1209,12713,0.679377,threshold_0_5,0.16311,1194,12981,0.235543,430.26,True,recorded_during_fit,17377,17377,1.0
TomekLinks,XGBoost,0.245889,0.021751,0.041958,3643,56,0.245889,best_f1_threshold,0.306232,best_f1_threshold,0.437433,0.235575,2095,5286,15704,best_cost_threshold_fn5,0.320354,0.281235,2531,3049,24773,best_cost_threshold_fn10,0.648765,0.171238,1308,11693,0.648765,best_cost_threshold_fn10,0.171238,1308,11693,0.239279,6313.61,True,recorded_during_fit,189858,17377,10.9258
EditedNearestNeighbours,XGBoost,0.245417,0.062299,0.110083,3492,259,0.245417,best_f1_threshold,0.307741,best_f1_threshold,0.395005,0.252056,2253,4365,15575,best_cost_threshold_fn5,0.338346,0.27907,2464,3255,24756,best_cost_threshold_fn10,0.637755,0.174107,1349,11266,0.637755,best_cost_threshold_fn10,0.174107,1349,11266,0.237069,5888.12,True,recorded_during_fit,155602,17377,8.9545
AllKNN,XGBoost,0.244614,0.084855,0.142696,3408,389,0.244614,best_f1_threshold,0.306583,best_f1_threshold,0.405209,0.246569,2215,4611,15636,best_cost_threshold_fn5,0.348013,0.270451,2428,3496,24871,best_cost_threshold_fn10,0.630505,0.174456,1376,11111,0.630505,best_cost_threshold_fn10,0.174456,1376,11111,0.236187,13790.53,True,recorded_during_fit,145266,17377,8.3597
SMOTE,XGBoost,0.236892,0.01638,0.03187,3663,43,0.236892,best_f1_threshold,0.298969,best_f1_threshold,0.373792,0.249105,2332,4196,15844,best_cost_threshold_fn5,0.334586,0.265106,2478,3454,25149,best_cost_threshold_fn10,0.659774,0.164502,1267,12479,0.659774,best_cost_threshold_fn10,0.164502,1267,12479,0.227872,1412.31,True,recorded_during_fit,197880,197880,1.0
ADASYN,XGBoost,0.236493,0.013963,0.027332,3672,29,0.236493,best_f1_threshold,0.296956,best_f1_threshold,0.398228,0.23675,2241,4781,15907,best_cost_threshold_fn5,0.31928,0.268944,2535,3232,25320,best_cost_threshold_fn10,0.698174,0.155875,1124,14080,0.698174,best_cost_threshold_fn10,0.155875,1124,14080,0.226623,1873.37,True,recorded_during_fit,197880,203061,0.9745
SMOTEENN,XGBoost,0.236284,0.011278,0.022175,3682,22,0.236284,best_f1_threshold,0.300892,best_f1_threshold,0.384801,0.247026,2291,4368,15823,best_f1_threshold,0.384801,0.247026,2291,4368,25141,best_cost_threshold_fn10,0.63507,0.169948,1359,11551,0.63507,best_cost_threshold_fn10,0.169948,1359,11551,0.226756,10489.67,True,recorded_during_fit,197880,185432,1.0671
SMOTETomek,XGBoost,0.23568,0.012889,0.025217,3676,35,0.23568,best_f1_threshold,0.29883,best_f1_threshold,0.411654,0.234547,2191,5003,15865,best_cost_threshold_fn5,0.32116,0.270527,2528,3225,25261,best_cost_threshold_fn10,0.602846,0.176549,1479,10471,0.602846,best_cost_threshold_fn10,0.176549,1479,10471,0.227786,19670.87,True,recorded_during_fit,197880,196626,1.0064
BorderlineSMOTE,XGBoost,0.23443,0.013695,0.026744,3673,39,0.23443,best_f1_threshold,0.299194,best_f1_threshold,0.4087,0.235969,2202,4928,15861,best_cost_threshold_fn5,0.36681,0.251241,2358,4071,25149,best_cost_threshold_fn10,0.619227,0.17371,1418,10969,0.619227,best_cost_threshold_fn10,0.17371,1418,10969,0.227505,1909.46,True,recorded_during_fit,197880,197880,1.0
