method,model_family,threshold_strategy,threshold,accuracy,precision_target_1,recall_target_1,f1_target_1,roc_auc,pr_auc,fp,fn,tp,tn,cost_fn5_fp1,cost_fn10_fp1,best_cv_pr_auc,fit_seconds,best_params,train_original_count_0,train_original_count_1,train_original_total,train_original_percent_0,train_original_percent_1,train_original_imbalance_ratio_0_to_1,train_sampled_count_0,train_sampled_count_1,train_sampled_total,train_sampled_percent_0,train_sampled_percent_1,train_sampled_imbalance_ratio_0_to_1,sampler_applied,sampling_summary_status
RandomOverSampler,XGBoost,best_f1_threshold,0.698011,0.867518,0.265013,0.361439,0.305805,0.757189,0.248202,3733,2378,1346,38670,15623,27513,0.23733,896.44,"{'model__colsample_bytree': 0.8,
 'model__gamma': 1,
 'model__learning_rate': 0.1,
 'model__max_depth': 3,
 'model__min_child_weight': 1,
 'model__n_estimators': 200,
 'model__reg_alpha': 0.1,
 'model__reg_lambda': 5,
 'model__subsample': 0.8}",197880,17377,215257,91.9273,8.0727,11.3875,197880,197880,395760,50.0,50.0,1.0,True,recorded_during_fit
RandomOverSampler,XGBoost,best_cost_threshold_fn5,0.698105,0.86754,0.26488,0.360902,0.305524,0.757189,0.248202,3730,2380,1344,38673,15630,27530,0.23733,896.44,"{'model__colsample_bytree': 0.8,
 'model__gamma': 1,
 'model__learning_rate': 0.1,
 'model__max_depth': 3,
 'model__min_child_weight': 1,
 'model__n_estimators': 200,
 'model__reg_alpha': 0.1,
 'model__reg_lambda': 5,
 'model__subsample': 0.8}",197880,17377,215257,91.9273,8.0727,11.3875,197880,197880,395760,50.0,50.0,1.0,True,recorded_during_fit
RandomOverSampler,XGBoost,best_recall_min_precision_0_20,0.586148,0.786524,0.2,0.548067,0.293058,0.757189,0.248202,8164,1683,2041,34239,16579,24994,0.23733,896.44,"{'model__colsample_bytree': 0.8,
 'model__gamma': 1,
 'model__learning_rate': 0.1,
 'model__max_depth': 3,
 'model__min_child_weight': 1,
 'model__n_estimators': 200,
 'model__reg_alpha': 0.1,
 'model__reg_lambda': 5,
 'model__subsample': 0.8}",197880,17377,215257,91.9273,8.0727,11.3875,197880,197880,395760,50.0,50.0,1.0,True,recorded_during_fit
RandomOverSampler,XGBoost,best_cost_threshold_fn10,0.512338,0.714939,0.170524,0.654941,0.270594,0.757189,0.248202,11864,1285,2439,30539,18289,24714,0.23733,896.44,"{'model__colsample_bytree': 0.8,
 'model__gamma': 1,
 'model__learning_rate': 0.1,
 'model__max_depth': 3,
 'model__min_child_weight': 1,
 'model__n_estimators': 200,
 'model__reg_alpha': 0.1,
 'model__reg_lambda': 5,
 'model__subsample': 0.8}",197880,17377,215257,91.9273,8.0727,11.3875,197880,197880,395760,50.0,50.0,1.0,True,recorded_during_fit
RandomOverSampler,XGBoost,threshold_0_5,0.5,0.701498,0.166213,0.67159,0.266475,0.757189,0.248202,12546,1223,2501,29857,18661,24776,0.23733,896.44,"{'model__colsample_bytree': 0.8,
 'model__gamma': 1,
 'model__learning_rate': 0.1,
 'model__max_depth': 3,
 'model__min_child_weight': 1,
 'model__n_estimators': 200,
 'model__reg_alpha': 0.1,
 'model__reg_lambda': 5,
 'model__subsample': 0.8}",197880,17377,215257,91.9273,8.0727,11.3875,197880,197880,395760,50.0,50.0,1.0,True,recorded_during_fit
NeighbourhoodCleaningRule,XGBoost,best_f1_threshold,0.212832,0.862423,0.258029,0.375403,0.305841,0.757886,0.247424,4020,2326,1398,38383,15650,27280,0.237846,7163.64,"{'model__colsample_bytree': 0.8,
 'model__gamma': 1,
 'model__learning_rate': 0.1,
 'model__max_depth': 3,
 'model__min_child_weight': 1,
 'model__n_estimators': 200,
 'model__reg_alpha': 0.1,
 'model__reg_lambda': 1,
 'model__subsample': 0.8}",197880,17377,215257,91.9273,8.0727,11.3875,159442,17377,176819,90.1724,9.8276,9.1755,True,recorded_during_fit
NeighbourhoodCleaningRule,XGBoost,best_cost_threshold_fn5,0.216435,0.864873,0.261093,0.368153,0.305515,0.757886,0.247424,3880,2353,1371,38523,15645,27410,0.237846,7163.64,"{'model__colsample_bytree': 0.8,
 'model__gamma': 1,
 'model__learning_rate': 0.1,
 'model__max_depth': 3,
 'model__min_child_weight': 1,
 'model__n_estimators': 200,
 'model__reg_alpha': 0.1,
 'model__reg_lambda': 1,
 'model__subsample': 0.8}",197880,17377,215257,91.9273,8.0727,11.3875,159442,17377,176819,90.1724,9.8276,9.1755,True,recorded_during_fit
NeighbourhoodCleaningRule,XGBoost,best_recall_min_precision_0_20,0.142194,0.787565,0.2,0.54377,0.29244,0.757886,0.247424,8100,1699,2025,34303,16595,25090,0.237846,7163.64,"{'model__colsample_bytree': 0.8,
 'model__gamma': 1,
 'model__learning_rate': 0.1,
 'model__max_depth': 3,
 'model__min_child_weight': 1,
 'model__n_estimators': 200,
 'model__reg_alpha': 0.1,
 'model__reg_lambda': 1,
 'model__subsample': 0.8}",197880,17377,215257,91.9273,8.0727,11.3875,159442,17377,176819,90.1724,9.8276,9.1755,True,recorded_during_fit
NeighbourhoodCleaningRule,XGBoost,best_cost_threshold_fn10,0.115219,0.735513,0.178403,0.63131,0.278192,0.757886,0.247424,10827,1373,2351,31576,17692,24557,0.237846,7163.64,"{'model__colsample_bytree': 0.8,
 'model__gamma': 1,
 'model__learning_rate': 0.1,
 'model__max_depth': 3,
 'model__min_child_weight': 1,
 'model__n_estimators': 200,
 'model__reg_alpha': 0.1,
 'model__reg_lambda': 1,
 'model__subsample': 0.8}",197880,17377,215257,91.9273,8.0727,11.3875,159442,17377,176819,90.1724,9.8276,9.1755,True,recorded_during_fit
NeighbourhoodCleaningRule,XGBoost,threshold_0_5,0.5,0.919201,0.49652,0.057465,0.103008,0.757886,0.247424,217,3510,214,42186,17767,35317,0.237846,7163.64,"{'model__colsample_bytree': 0.8,
 'model__gamma': 1,
 'model__learning_rate': 0.1,
 'model__max_depth': 3,
 'model__min_child_weight': 1,
 'model__n_estimators': 200,
 'model__reg_alpha': 0.1,
 'model__reg_lambda': 1,
 'model__subsample': 0.8}",197880,17377,215257,91.9273,8.0727,11.3875,159442,17377,176819,90.1724,9.8276,9.1755,True,recorded_during_fit
XGBoost_scale_pos_weight,XGBoost,best_f1_threshold,0.610498,0.840549,0.236311,0.436896,0.306721,0.757275,0.247135,5258,2097,1627,37145,15743,26228,0.238565,1888.52,"{'model__colsample_bytree': 0.8,
 'model__gamma': 0,
 'model__learning_rate': 0.1,
 'model__max_depth': 3,
 'model__min_child_weight': 1,
 'model__n_estimators': 200,
 'model__reg_alpha': 0,
 'model__reg_lambda': 5,
 'model__scale_pos_weight': 9.3875,
 'model__subsample': 0.8}",197880,17377,215257,91.9273,8.0727,11.3875,197880,17377,215257,91.9273,8.0727,11.3875,False,no_sampler
XGBoost_scale_pos_weight,XGBoost,best_cost_threshold_fn5,0.630263,0.852321,0.24622,0.402256,0.305465,0.757275,0.247135,4586,2226,1498,37817,15716,26846,0.238565,1888.52,"{'model__colsample_bytree': 0.8,
 'model__gamma': 0,
 'model__learning_rate': 0.1,
 'model__max_depth': 3,
 'model__min_child_weight': 1,
 'model__n_estimators': 200,
 'model__reg_alpha': 0,
 'model__reg_lambda': 5,
 'model__scale_pos_weight': 9.3875,
 'model__subsample': 0.8}",197880,17377,215257,91.9273,8.0727,11.3875,197880,17377,215257,91.9273,8.0727,11.3875,False,no_sampler
XGBoost_scale_pos_weight,XGBoost,best_recall_min_precision_0_20,0.544647,0.789776,0.2,0.53464,0.291103,0.757275,0.247135,7964,1733,1991,34439,16629,25294,0.238565,1888.52,"{'model__colsample_bytree': 0.8,
 'model__gamma': 0,
 'model__learning_rate': 0.1,
 'model__max_depth': 3,
 'model__min_child_weight': 1,
 'model__n_estimators': 200,
 'model__reg_alpha': 0,
 'model__reg_lambda': 5,
 'model__scale_pos_weight': 9.3875,
 'model__subsample': 0.8}",197880,17377,215257,91.9273,8.0727,11.3875,197880,17377,215257,91.9273,8.0727,11.3875,False,no_sampler
XGBoost_scale_pos_weight,XGBoost,threshold_0_5,0.5,0.749648,0.182416,0.603383,0.28014,0.757275,0.247135,10071,1477,2247,32332,17456,24841,0.238565,1888.52,"{'model__colsample_bytree': 0.8,
 'model__gamma': 0,
 'model__learning_rate': 0.1,
 'model__max_depth': 3,
 'model__min_child_weight': 1,
 'model__n_estimators': 200,
 'model__reg_alpha': 0,
 'model__reg_lambda': 5,
 'model__scale_pos_weight': 9.3875,
 'model__subsample': 0.8}",197880,17377,215257,91.9273,8.0727,11.3875,197880,17377,215257,91.9273,8.0727,11.3875,False,no_sampler
XGBoost_scale_pos_weight,XGBoost,best_cost_threshold_fn10,0.492367,0.742775,0.180319,0.616541,0.27903,0.757275,0.247135,10437,1428,2296,31966,17577,24717,0.238565,1888.52,"{'model__colsample_bytree': 0.8,
 'model__gamma': 0,
 'model__learning_rate': 0.1,
 'model__max_depth': 3,
 'model__min_child_weight': 1,
 'model__n_estimators': 200,
 'model__reg_alpha': 0,
 'model__reg_lambda': 5,
 'model__scale_pos_weight': 9.3875,
 'model__subsample': 0.8}",197880,17377,215257,91.9273,8.0727,11.3875,197880,17377,215257,91.9273,8.0727,11.3875,False,no_sampler
Original,XGBoost,best_f1_threshold,0.151438,0.848158,0.243027,0.416488,0.306946,0.757448,0.247086,4831,2173,1551,37572,15696,26561,0.238759,640.3,"{'model__colsample_bytree': 0.8,
 'model__gamma': 1,
 'model__learning_rate': 0.1,
 'model__max_depth': 3,
 'model__min_child_weight': 1,
 'model__n_estimators': 200,
 'model__reg_alpha': 0,
 'model__reg_lambda': 1,
 'model__subsample': 0.8}",197880,17377,215257,91.9273,8.0727,11.3875,197880,17377,215257,91.9273,8.0727,11.3875,False,no_sampler
Original,XGBoost,best_cost_threshold_fn5,0.173084,0.868927,0.26668,0.356337,0.305057,0.757448,0.247086,3649,2397,1327,38754,15634,27619,0.238759,640.3,"{'model__colsample_bytree': 0.8,
 'model__gamma': 1,
 'model__learning_rate': 0.1,
 'model__max_depth': 3,
 'model__min_child_weight': 1,
 'model__n_estimators': 200,
 'model__reg_alpha': 0,
 'model__reg_lambda': 1,
 'model__subsample': 0.8}",197880,17377,215257,91.9273,8.0727,11.3875,197880,17377,215257,91.9273,8.0727,11.3875,False,no_sampler
Original,XGBoost,best_recall_min_precision_0_20,0.112755,0.787695,0.2,0.543233,0.292362,0.757448,0.247086,8092,1701,2023,34311,16597,25102,0.238759,640.3,"{'model__colsample_bytree': 0.8,
 'model__gamma': 1,
 'model__learning_rate': 0.1,
 'model__max_depth': 3,
 'model__min_child_weight': 1,
 'model__n_estimators': 200,
 'model__reg_alpha': 0,
 'model__reg_lambda': 1,
 'model__subsample': 0.8}",197880,17377,215257,91.9273,8.0727,11.3875,197880,17377,215257,91.9273,8.0727,11.3875,False,no_sampler
Original,XGBoost,best_cost_threshold_fn10,0.08095,0.698658,0.165615,0.676692,0.266103,0.757448,0.247086,12696,1204,2520,29707,18716,24736,0.238759,640.3,"{'model__colsample_bytree': 0.8,
 'model__gamma': 1,
 'model__learning_rate': 0.1,
 'model__max_depth': 3,
 'model__min_child_weight': 1,
 'model__n_estimators': 200,
 'model__reg_alpha': 0,
 'model__reg_lambda': 1,
 'model__subsample': 0.8}",197880,17377,215257,91.9273,8.0727,11.3875,197880,17377,215257,91.9273,8.0727,11.3875,False,no_sampler
Original,XGBoost,threshold_0_5,0.5,0.919895,0.635514,0.01826,0.0355,0.757448,0.247086,39,3656,68,42364,18319,36599,0.238759,640.3,"{'model__colsample_bytree': 0.8,
 'model__gamma': 1,
 'model__learning_rate': 0.1,
 'model__max_depth': 3,
 'model__min_child_weight': 1,
 'model__n_estimators': 200,
 'model__reg_alpha': 0,
 'model__reg_lambda': 1,
 'model__subsample': 0.8}",197880,17377,215257,91.9273,8.0727,11.3875,197880,17377,215257,91.9273,8.0727,11.3875,False,no_sampler
RandomUnderSampler,XGBoost,best_f1_threshold,0.652506,0.83411,0.230146,0.449785,0.30449,0.755485,0.245979,5603,2049,1675,36800,15848,26093,0.235543,430.26,"{'model__colsample_bytree': 0.8,
 'model__gamma': 0,
 'model__learning_rate': 0.1,
 'model__max_depth': 3,
 'model__min_child_weight': 1,
 'model__n_estimators': 200,
 'model__reg_alpha': 0.1,
 'model__reg_lambda': 5,
 'model__subsample': 0.8}",197880,17377,215257,91.9273,8.0727,11.3875,17377,17377,34754,50.0,50.0,1.0,True,recorded_during_fit
RandomUnderSampler,XGBoost,best_cost_threshold_fn5,0.724985,0.877469,0.277573,0.32304,0.298585,0.755485,0.245979,3131,2521,1203,39272,15736,28341,0.235543,430.26,"{'model__colsample_bytree': 0.8,
 'model__gamma': 0,
 'model__learning_rate': 0.1,
 'model__max_depth': 3,
 'model__min_child_weight': 1,
 'model__n_estimators': 200,
 'model__reg_alpha': 0.1,
 'model__reg_lambda': 5,
 'model__subsample': 0.8}",197880,17377,215257,91.9273,8.0727,11.3875,17377,17377,34754,50.0,50.0,1.0,True,recorded_during_fit
RandomUnderSampler,XGBoost,best_recall_min_precision_0_20,0.596699,0.788475,0.2,0.540011,0.291893,0.755485,0.245979,8044,1713,2011,34359,16609,25174,0.235543,430.26,"{'model__colsample_bytree': 0.8,
 'model__gamma': 0,
 'model__learning_rate': 0.1,
 'model__max_depth': 3,
 'model__min_child_weight': 1,
 'model__n_estimators': 200,
 'model__reg_alpha': 0.1,
 'model__reg_lambda': 5,
 'model__subsample': 0.8}",197880,17377,215257,91.9273,8.0727,11.3875,17377,17377,34754,50.0,50.0,1.0,True,recorded_during_fit
RandomUnderSampler,XGBoost,best_cost_threshold_fn10,0.504778,0.698181,0.165156,0.675349,0.265407,0.755485,0.245979,12713,1209,2515,29690,18758,24803,0.235543,430.26,"{'model__colsample_bytree': 0.8,
 'model__gamma': 0,
 'model__learning_rate': 0.1,
 'model__max_depth': 3,
 'model__min_child_weight': 1,
 'model__n_estimators': 200,
 'model__reg_alpha': 0.1,
 'model__reg_lambda': 5,
 'model__subsample': 0.8}",197880,17377,215257,91.9273,8.0727,11.3875,17377,17377,34754,50.0,50.0,1.0,True,recorded_during_fit
RandomUnderSampler,XGBoost,threshold_0_5,0.5,0.692696,0.16311,0.679377,0.263062,0.755485,0.245979,12981,1194,2530,29422,18951,24921,0.235543,430.26,"{'model__colsample_bytree': 0.8,
 'model__gamma': 0,
 'model__learning_rate': 0.1,
 'model__max_depth': 3,
 'model__min_child_weight': 1,
 'model__n_estimators': 200,
 'model__reg_alpha': 0.1,
 'model__reg_lambda': 5,
 'model__subsample': 0.8}",197880,17377,215257,91.9273,8.0727,11.3875,17377,17377,34754,50.0,50.0,1.0,True,recorded_during_fit
TomekLinks,XGBoost,best_f1_threshold,0.150433,0.839985,0.235575,0.437433,0.306232,0.757073,0.245889,5286,2095,1629,37117,15761,26236,0.239279,6313.61,"{'model__colsample_bytree': 0.8,
 'model__gamma': 0,
 'model__learning_rate': 0.1,
 'model__max_depth': 3,
 'model__min_child_weight': 1,
 'model__n_estimators': 200,
 'model__reg_alpha': 0,
 'model__reg_lambda': 1,
 'model__subsample': 0.8}",197880,17377,215257,91.9273,8.0727,11.3875,189858,17377,207235,91.6148,8.3852,10.9258,True,recorded_during_fit
TomekLinks,XGBoost,best_cost_threshold_fn5,0.196913,0.87903,0.281235,0.320354,0.299523,0.757073,0.245889,3049,2531,1193,39354,15704,28359,0.239279,6313.61,"{'model__colsample_bytree': 0.8,
 'model__gamma': 0,
 'model__learning_rate': 0.1,
 'model__max_depth': 3,
 'model__min_child_weight': 1,
 'model__n_estimators': 200,
 'model__reg_alpha': 0,
 'model__reg_lambda': 1,
 'model__subsample': 0.8}",197880,17377,215257,91.9273,8.0727,11.3875,189858,17377,207235,91.6148,8.3852,10.9258,True,recorded_during_fit
TomekLinks,XGBoost,best_recall_min_precision_0_20,0.11967,0.790947,0.2,0.529807,0.290382,0.757073,0.245889,7892,1751,1973,34511,16647,25402,0.239279,6313.61,"{'model__colsample_bytree': 0.8,
 'model__gamma': 0,
 'model__learning_rate': 0.1,
 'model__max_depth': 3,
 'model__min_child_weight': 1,
 'model__n_estimators': 200,
 'model__reg_alpha': 0,
 'model__reg_lambda': 1,
 'model__subsample': 0.8}",197880,17377,215257,91.9273,8.0727,11.3875,189858,17377,207235,91.6148,8.3852,10.9258,True,recorded_during_fit
TomekLinks,XGBoost,best_cost_threshold_fn10,0.09018,0.718148,0.171238,0.648765,0.270958,0.757073,0.245889,11693,1308,2416,30710,18233,24773,0.239279,6313.61,"{'model__colsample_bytree': 0.8,
 'model__gamma': 0,
 'model__learning_rate': 0.1,
 'model__max_depth': 3,
 'model__min_child_weight': 1,
 'model__n_estimators': 200,
 'model__reg_alpha': 0,
 'model__reg_lambda': 1,
 'model__subsample': 0.8}",197880,17377,215257,91.9273,8.0727,11.3875,189858,17377,207235,91.6148,8.3852,10.9258,True,recorded_during_fit
TomekLinks,XGBoost,threshold_0_5,0.5,0.919808,0.591241,0.021751,0.041958,0.757073,0.245889,56,3643,81,42347,18271,36486,0.239279,6313.61,"{'model__colsample_bytree': 0.8,
 'model__gamma': 0,
 'model__learning_rate': 0.1,
 'model__max_depth': 3,
 'model__min_child_weight': 1,
 'model__n_estimators': 200,
 'model__reg_alpha': 0,
 'model__reg_lambda': 1,
 'model__subsample': 0.8}",197880,17377,215257,91.9273,8.0727,11.3875,189858,17377,207235,91.6148,8.3852,10.9258,True,recorded_during_fit
EditedNearestNeighbours,XGBoost,best_f1_threshold,0.209585,0.856527,0.252056,0.395005,0.307741,0.756754,0.245417,4365,2253,1471,38038,15630,26895,0.237069,5888.12,"{'model__colsample_bytree': 0.8,
 'model__gamma': 1,
 'model__learning_rate': 0.1,
 'model__max_depth': 3,
 'model__min_child_weight': 1,
 'model__n_estimators': 200,
 'model__reg_alpha': 0,
 'model__reg_lambda': 1,
 'model__subsample': 0.8}",197880,17377,215257,91.9273,8.0727,11.3875,155602,17377,172979,89.9543,10.0457,8.9545,True,recorded_during_fit
EditedNearestNeighbours,XGBoost,best_cost_threshold_fn5,0.242014,0.876016,0.27907,0.338346,0.305862,0.756754,0.245417,3255,2464,1260,39148,15575,27895,0.237069,5888.12,"{'model__colsample_bytree': 0.8,
 'model__gamma': 1,
 'model__learning_rate': 0.1,
 'model__max_depth': 3,
 'model__min_child_weight': 1,
 'model__n_estimators': 200,
 'model__reg_alpha': 0,
 'model__reg_lambda': 1,
 'model__subsample': 0.8}",197880,17377,215257,91.9273,8.0727,11.3875,155602,17377,172979,89.9543,10.0457,8.9545,True,recorded_during_fit
EditedNearestNeighbours,XGBoost,best_recall_min_precision_0_20,0.147529,0.789776,0.2,0.53464,0.291103,0.756754,0.245417,7964,1733,1991,34439,16629,25294,0.237069,5888.12,"{'model__colsample_bytree': 0.8,
 'model__gamma': 1,
 'model__learning_rate': 0.1,
 'model__max_depth': 3,
 'model__min_child_weight': 1,
 'model__n_estimators': 200,
 'model__reg_alpha': 0,
 'model__reg_lambda': 1,
 'model__subsample': 0.8}",197880,17377,215257,91.9273,8.0727,11.3875,155602,17377,172979,89.9543,10.0457,8.9545,True,recorded_during_fit
EditedNearestNeighbours,XGBoost,best_cost_threshold_fn10,0.114934,0.726516,0.174107,0.637755,0.273539,0.756754,0.245417,11266,1349,2375,31137,18011,24756,0.237069,5888.12,"{'model__colsample_bytree': 0.8,
 'model__gamma': 1,
 'model__learning_rate': 0.1,
 'model__max_depth': 3,
 'model__min_child_weight': 1,
 'model__n_estimators': 200,
 'model__reg_alpha': 0,
 'model__reg_lambda': 1,
 'model__subsample': 0.8}",197880,17377,215257,91.9273,8.0727,11.3875,155602,17377,172979,89.9543,10.0457,8.9545,True,recorded_during_fit
EditedNearestNeighbours,XGBoost,threshold_0_5,0.5,0.918681,0.472505,0.062299,0.110083,0.756754,0.245417,259,3492,232,42144,17719,35179,0.237069,5888.12,"{'model__colsample_bytree': 0.8,
 'model__gamma': 1,
 'model__learning_rate': 0.1,
 'model__max_depth': 3,
 'model__min_child_weight': 1,
 'model__n_estimators': 200,
 'model__reg_alpha': 0,
 'model__reg_lambda': 1,
 'model__subsample': 0.8}",197880,17377,215257,91.9273,8.0727,11.3875,155602,17377,172979,89.9543,10.0457,8.9545,True,recorded_during_fit
AllKNN,XGBoost,best_f1_threshold,0.221857,0.852017,0.246569,0.405209,0.306583,0.755556,0.244614,4611,2215,1509,37792,15686,26761,0.236187,13790.53,"{'model__colsample_bytree': 0.8,
 'model__gamma': 1,
 'model__learning_rate': 0.1,
 'model__max_depth': 3,
 'model__min_child_weight': 1,
 'model__n_estimators': 200,
 'model__reg_alpha': 0.1,
 'model__reg_lambda': 5,
 'model__subsample': 0.8}",197880,17377,215257,91.9273,8.0727,11.3875,145266,17377,162643,89.3159,10.6841,8.3597,True,recorded_during_fit
AllKNN,XGBoost,best_cost_threshold_fn5,0.256412,0.871572,0.270451,0.348013,0.304368,0.755556,0.244614,3496,2428,1296,38907,15636,27776,0.236187,13790.53,"{'model__colsample_bytree': 0.8,
 'model__gamma': 1,
 'model__learning_rate': 0.1,
 'model__max_depth': 3,
 'model__min_child_weight': 1,
 'model__n_estimators': 200,
 'model__reg_alpha': 0.1,
 'model__reg_lambda': 5,
 'model__subsample': 0.8}",197880,17377,215257,91.9273,8.0727,11.3875,145266,17377,162643,89.3159,10.6841,8.3597,True,recorded_during_fit
AllKNN,XGBoost,best_recall_min_precision_0_20,0.158141,0.78854,0.2,0.539742,0.291854,0.755556,0.244614,8040,1714,2010,34363,16610,25180,0.236187,13790.53,"{'model__colsample_bytree': 0.8,
 'model__gamma': 1,
 'model__learning_rate': 0.1,
 'model__max_depth': 3,
 'model__min_child_weight': 1,
 'model__n_estimators': 200,
 'model__reg_alpha': 0.1,
 'model__reg_lambda': 5,
 'model__subsample': 0.8}",197880,17377,215257,91.9273,8.0727,11.3875,145266,17377,162643,89.3159,10.6841,8.3597,True,recorded_during_fit
AllKNN,XGBoost,best_cost_threshold_fn10,0.124872,0.729291,0.174456,0.630505,0.273293,0.755556,0.244614,11111,1376,2348,31292,17991,24871,0.236187,13790.53,"{'model__colsample_bytree': 0.8,
 'model__gamma': 1,
 'model__learning_rate': 0.1,
 'model__max_depth': 3,
 'model__min_child_weight': 1,
 'model__n_estimators': 200,
 'model__reg_alpha': 0.1,
 'model__reg_lambda': 5,
 'model__subsample': 0.8}",197880,17377,215257,91.9273,8.0727,11.3875,145266,17377,162643,89.3159,10.6841,8.3597,True,recorded_during_fit
AllKNN,XGBoost,threshold_0_5,0.5,0.917684,0.448227,0.084855,0.142696,0.755556,0.244614,389,3408,316,42014,17429,34469,0.236187,13790.53,"{'model__colsample_bytree': 0.8,
 'model__gamma': 1,
 'model__learning_rate': 0.1,
 'model__max_depth': 3,
 'model__min_child_weight': 1,
 'model__n_estimators': 200,
 'model__reg_alpha': 0.1,
 'model__reg_lambda': 5,
 'model__subsample': 0.8}",197880,17377,215257,91.9273,8.0727,11.3875,145266,17377,162643,89.3159,10.6841,8.3597,True,recorded_during_fit
SMOTE,XGBoost,best_f1_threshold,0.1815,0.858478,0.249105,0.373792,0.298969,0.74844,0.236892,4196,2332,1392,38207,15856,27516,0.227872,1412.31,"{'model__colsample_bytree': 0.8,
 'model__gamma': 1,
 'model__learning_rate': 0.1,
 'model__max_depth': 3,
 'model__min_child_weight': 1,
 'model__n_estimators': 200,
 'model__reg_alpha': 0,
 'model__reg_lambda': 5,
 'model__subsample': 0.8}",197880,17377,215257,91.9273,8.0727,11.3875,197880,197880,395760,50.0,50.0,1.0,True,recorded_during_fit
SMOTE,XGBoost,best_cost_threshold_fn5,0.196284,0.871399,0.265106,0.334586,0.295821,0.74844,0.236892,3454,2478,1246,38949,15844,28234,0.227872,1412.31,"{'model__colsample_bytree': 0.8,
 'model__gamma': 1,
 'model__learning_rate': 0.1,
 'model__max_depth': 3,
 'model__min_child_weight': 1,
 'model__n_estimators': 200,
 'model__reg_alpha': 0,
 'model__reg_lambda': 5,
 'model__subsample': 0.8}",197880,17377,215257,91.9273,8.0727,11.3875,197880,197880,395760,50.0,50.0,1.0,True,recorded_during_fit
SMOTE,XGBoost,best_recall_min_precision_0_20,0.136172,0.794849,0.2,0.513695,0.287907,0.74844,0.236892,7652,1811,1913,34751,16707,25762,0.227872,1412.31,"{'model__colsample_bytree': 0.8,
 'model__gamma': 1,
 'model__learning_rate': 0.1,
 'model__max_depth': 3,
 'model__min_child_weight': 1,
 'model__n_estimators': 200,
 'model__reg_alpha': 0,
 'model__reg_lambda': 5,
 'model__subsample': 0.8}",197880,17377,215257,91.9273,8.0727,11.3875,197880,197880,395760,50.0,50.0,1.0,True,recorded_during_fit
SMOTE,XGBoost,best_cost_threshold_fn10,0.097974,0.701997,0.164502,0.659774,0.263344,0.74844,0.236892,12479,1267,2457,29924,18814,25149,0.227872,1412.31,"{'model__colsample_bytree': 0.8,
 'model__gamma': 1,
 'model__learning_rate': 0.1,
 'model__max_depth': 3,
 'model__min_child_weight': 1,
 'model__n_estimators': 200,
 'model__reg_alpha': 0,
 'model__reg_lambda': 5,
 'model__subsample': 0.8}",197880,17377,215257,91.9273,8.0727,11.3875,197880,197880,395760,50.0,50.0,1.0,True,recorded_during_fit
SMOTE,XGBoost,threshold_0_5,0.5,0.919657,0.586538,0.01638,0.03187,0.74844,0.236892,43,3663,61,42360,18358,36673,0.227872,1412.31,"{'model__colsample_bytree': 0.8,
 'model__gamma': 1,
 'model__learning_rate': 0.1,
 'model__max_depth': 3,
 'model__min_child_weight': 1,
 'model__n_estimators': 200,
 'model__reg_alpha': 0,
 'model__reg_lambda': 5,
 'model__subsample': 0.8}",197880,17377,215257,91.9273,8.0727,11.3875,197880,197880,395760,50.0,50.0,1.0,True,recorded_during_fit
ADASYN,XGBoost,best_f1_threshold,0.173988,0.847768,0.23675,0.398228,0.296956,0.74779,0.236493,4781,2241,1483,37622,15986,27191,0.226623,1873.37,"{'model__colsample_bytree': 0.8,
 'model__gamma': 0,
 'model__learning_rate': 0.1,
 'model__max_depth': 3,
 'model__min_child_weight': 1,
 'model__n_estimators': 200,
 'model__reg_alpha': 0,
 'model__reg_lambda': 1,
 'model__subsample': 0.8}",197880,17377,215257,91.9273,8.0727,11.3875,197880,203061,400941,49.3539,50.6461,0.9745,True,recorded_during_fit
ADASYN,XGBoost,best_cost_threshold_fn5,0.203361,0.874976,0.268944,0.31928,0.291958,0.74779,0.236493,3232,2535,1189,39171,15907,28582,0.226623,1873.37,"{'model__colsample_bytree': 0.8,
 'model__gamma': 0,
 'model__learning_rate': 0.1,
 'model__max_depth': 3,
 'model__min_child_weight': 1,
 'model__n_estimators': 200,
 'model__reg_alpha': 0,
 'model__reg_lambda': 1,
 'model__subsample': 0.8}",197880,17377,215257,91.9273,8.0727,11.3875,197880,203061,400941,49.3539,50.6461,0.9745,True,recorded_during_fit
ADASYN,XGBoost,best_recall_min_precision_0_20,0.140064,0.798296,0.2,0.499463,0.285627,0.74779,0.236493,7440,1864,1860,34963,16760,26080,0.226623,1873.37,"{'model__colsample_bytree': 0.8,
 'model__gamma': 0,
 'model__learning_rate': 0.1,
 'model__max_depth': 3,
 'model__min_child_weight': 1,
 'model__n_estimators': 200,
 'model__reg_alpha': 0,
 'model__reg_lambda': 1,
 'model__subsample': 0.8}",197880,17377,215257,91.9273,8.0727,11.3875,197880,203061,400941,49.3539,50.6461,0.9745,True,recorded_during_fit
ADASYN,XGBoost,best_cost_threshold_fn10,0.089409,0.670388,0.155875,0.698174,0.254852,0.74779,0.236493,14080,1124,2600,28323,19700,25320,0.226623,1873.37,"{'model__colsample_bytree': 0.8,
 'model__gamma': 0,
 'model__learning_rate': 0.1,
 'model__max_depth': 3,
 'model__min_child_weight': 1,
 'model__n_estimators': 200,
 'model__reg_alpha': 0,
 'model__reg_lambda': 1,
 'model__subsample': 0.8}",197880,17377,215257,91.9273,8.0727,11.3875,197880,203061,400941,49.3539,50.6461,0.9745,True,recorded_during_fit
ADASYN,XGBoost,threshold_0_5,0.5,0.919765,0.641975,0.013963,0.027332,0.74779,0.236493,29,3672,52,42374,18389,36749,0.226623,1873.37,"{'model__colsample_bytree': 0.8,
 'model__gamma': 0,
 'model__learning_rate': 0.1,
 'model__max_depth': 3,
 'model__min_child_weight': 1,
 'model__n_estimators': 200,
 'model__reg_alpha': 0,
 'model__reg_lambda': 1,
 'model__subsample': 0.8}",197880,17377,215257,91.9273,8.0727,11.3875,197880,203061,400941,49.3539,50.6461,0.9745,True,recorded_during_fit
SMOTEENN,XGBoost,best_f1_threshold,0.167684,0.855638,0.247026,0.384801,0.300892,0.749688,0.236284,4368,2291,1433,38035,15823,27278,0.226756,10489.67,"{'model__colsample_bytree': 0.8,
 'model__gamma': 1,
 'model__learning_rate': 0.1,
 'model__max_depth': 3,
 'model__min_child_weight': 1,
 'model__n_estimators': 200,
 'model__reg_alpha': 0.1,
 'model__reg_lambda': 1,
 'model__subsample': 0.8}",197880,17377,215257,91.9273,8.0727,11.3875,197880,185432,383312,51.6237,48.3763,1.0671,True,recorded_during_fit
SMOTEENN,XGBoost,best_cost_threshold_fn5,0.167634,0.855573,0.246899,0.384801,0.300798,0.749688,0.236284,4371,2291,1433,38032,15826,27281,0.226756,10489.67,"{'model__colsample_bytree': 0.8,
 'model__gamma': 1,
 'model__learning_rate': 0.1,
 'model__max_depth': 3,
 'model__min_child_weight': 1,
 'model__n_estimators': 200,
 'model__reg_alpha': 0.1,
 'model__reg_lambda': 1,
 'model__subsample': 0.8}",197880,17377,215257,91.9273,8.0727,11.3875,197880,185432,383312,51.6237,48.3763,1.0671,True,recorded_during_fit
SMOTEENN,XGBoost,best_recall_min_precision_0_20,0.126765,0.79615,0.2,0.508324,0.287057,0.749688,0.236284,7572,1831,1893,34831,16727,25882,0.226756,10489.67,"{'model__colsample_bytree': 0.8,
 'model__gamma': 1,
 'model__learning_rate': 0.1,
 'model__max_depth': 3,
 'model__min_child_weight': 1,
 'model__n_estimators': 200,
 'model__reg_alpha': 0.1,
 'model__reg_lambda': 1,
 'model__subsample': 0.8}",197880,17377,215257,91.9273,8.0727,11.3875,197880,185432,383312,51.6237,48.3763,1.0671,True,recorded_during_fit
SMOTEENN,XGBoost,best_cost_threshold_fn10,0.09547,0.720121,0.169948,0.63507,0.268141,0.749688,0.236284,11551,1359,2365,30852,18346,25141,0.226756,10489.67,"{'model__colsample_bytree': 0.8,
 'model__gamma': 1,
 'model__learning_rate': 0.1,
 'model__max_depth': 3,
 'model__min_child_weight': 1,
 'model__n_estimators': 200,
 'model__reg_alpha': 0.1,
 'model__reg_lambda': 1,
 'model__subsample': 0.8}",197880,17377,215257,91.9273,8.0727,11.3875,197880,185432,383312,51.6237,48.3763,1.0671,True,recorded_during_fit
SMOTEENN,XGBoost,threshold_0_5,0.5,0.9197,0.65625,0.011278,0.022175,0.749688,0.236284,22,3682,42,42381,18432,36842,0.226756,10489.67,"{'model__colsample_bytree': 0.8,
 'model__gamma': 1,
 'model__learning_rate': 0.1,
 'model__max_depth': 3,
 'model__min_child_weight': 1,
 'model__n_estimators': 200,
 'model__reg_alpha': 0.1,
 'model__reg_lambda': 1,
 'model__subsample': 0.8}",197880,17377,215257,91.9273,8.0727,11.3875,197880,185432,383312,51.6237,48.3763,1.0671,True,recorded_during_fit
SMOTETomek,XGBoost,best_f1_threshold,0.168909,0.844039,0.234547,0.411654,0.29883,0.748697,0.23568,5003,2191,1533,37400,15958,26913,0.227786,19670.87,"{'model__colsample_bytree': 0.8,
 'model__gamma': 0,
 'model__learning_rate': 0.1,
 'model__max_depth': 3,
 'model__min_child_weight': 1,
 'model__n_estimators': 200,
 'model__reg_alpha': 0,
 'model__reg_lambda': 5,
 'model__subsample': 0.8}",197880,17377,215257,91.9273,8.0727,11.3875,197880,196626,394506,50.1589,49.8411,1.0064,True,recorded_during_fit
SMOTETomek,XGBoost,best_cost_threshold_fn5,0.202435,0.875279,0.270527,0.32116,0.293677,0.748697,0.23568,3225,2528,1196,39178,15865,28505,0.227786,19670.87,"{'model__colsample_bytree': 0.8,
 'model__gamma': 0,
 'model__learning_rate': 0.1,
 'model__max_depth': 3,
 'model__min_child_weight': 1,
 'model__n_estimators': 200,
 'model__reg_alpha': 0,
 'model__reg_lambda': 5,
 'model__subsample': 0.8}",197880,17377,215257,91.9273,8.0727,11.3875,197880,196626,394506,50.1589,49.8411,1.0064,True,recorded_during_fit
SMOTETomek,XGBoost,best_recall_min_precision_0_20,0.138226,0.798361,0.2,0.499194,0.285583,0.748697,0.23568,7436,1865,1859,34967,16761,26086,0.227786,19670.87,"{'model__colsample_bytree': 0.8,
 'model__gamma': 0,
 'model__learning_rate': 0.1,
 'model__max_depth': 3,
 'model__min_child_weight': 1,
 'model__n_estimators': 200,
 'model__reg_alpha': 0,
 'model__reg_lambda': 5,
 'model__subsample': 0.8}",197880,17377,215257,91.9273,8.0727,11.3875,197880,196626,394506,50.1589,49.8411,1.0064,True,recorded_during_fit
SMOTETomek,XGBoost,best_cost_threshold_fn10,0.111581,0.740933,0.176549,0.602846,0.273114,0.748697,0.23568,10471,1479,2245,31932,17866,25261,0.227786,19670.87,"{'model__colsample_bytree': 0.8,
 'model__gamma': 0,
 'model__learning_rate': 0.1,
 'model__max_depth': 3,
 'model__min_child_weight': 1,
 'model__n_estimators': 200,
 'model__reg_alpha': 0,
 'model__reg_lambda': 5,
 'model__subsample': 0.8}",197880,17377,215257,91.9273,8.0727,11.3875,197880,196626,394506,50.1589,49.8411,1.0064,True,recorded_during_fit
SMOTETomek,XGBoost,threshold_0_5,0.5,0.919548,0.578313,0.012889,0.025217,0.748697,0.23568,35,3676,48,42368,18415,36795,0.227786,19670.87,"{'model__colsample_bytree': 0.8,
 'model__gamma': 0,
 'model__learning_rate': 0.1,
 'model__max_depth': 3,
 'model__min_child_weight': 1,
 'model__n_estimators': 200,
 'model__reg_alpha': 0,
 'model__reg_lambda': 5,
 'model__subsample': 0.8}",197880,17377,215257,91.9273,8.0727,11.3875,197880,196626,394506,50.1589,49.8411,1.0064,True,recorded_during_fit
BorderlineSMOTE,XGBoost,best_f1_threshold,0.171242,0.845427,0.235969,0.4087,0.299194,0.749332,0.23443,4928,2202,1522,37475,15938,26948,0.227505,1909.46,"{'model__colsample_bytree': 0.8,
 'model__gamma': 1,
 'model__learning_rate': 0.1,
 'model__max_depth': 3,
 'model__min_child_weight': 1,
 'model__n_estimators': 200,
 'model__reg_alpha': 0,
 'model__reg_lambda': 5,
 'model__subsample': 0.8}",197880,17377,215257,91.9273,8.0727,11.3875,197880,197880,395760,50.0,50.0,1.0,True,recorded_during_fit
BorderlineSMOTE,XGBoost,best_cost_threshold_fn5,0.186238,0.860624,0.251241,0.36681,0.298221,0.749332,0.23443,4071,2358,1366,38332,15861,27651,0.227505,1909.46,"{'model__colsample_bytree': 0.8,
 'model__gamma': 1,
 'model__learning_rate': 0.1,
 'model__max_depth': 3,
 'model__min_child_weight': 1,
 'model__n_estimators': 200,
 'model__reg_alpha': 0,
 'model__reg_lambda': 5,
 'model__subsample': 0.8}",197880,17377,215257,91.9273,8.0727,11.3875,197880,197880,395760,50.0,50.0,1.0,True,recorded_during_fit
BorderlineSMOTE,XGBoost,best_recall_min_precision_0_20,0.138178,0.798296,0.2,0.499463,0.285627,0.749332,0.23443,7440,1864,1860,34963,16760,26080,0.227505,1909.46,"{'model__colsample_bytree': 0.8,
 'model__gamma': 1,
 'model__learning_rate': 0.1,
 'model__max_depth': 3,
 'model__min_child_weight': 1,
 'model__n_estimators': 200,
 'model__reg_alpha': 0,
 'model__reg_lambda': 5,
 'model__subsample': 0.8}",197880,17377,215257,91.9273,8.0727,11.3875,197880,197880,395760,50.0,50.0,1.0,True,recorded_during_fit
BorderlineSMOTE,XGBoost,best_cost_threshold_fn10,0.106322,0.731459,0.17371,0.619227,0.27131,0.749332,0.23443,10969,1418,2306,31434,18059,25149,0.227505,1909.46,"{'model__colsample_bytree': 0.8,
 'model__gamma': 1,
 'model__learning_rate': 0.1,
 'model__max_depth': 3,
 'model__min_child_weight': 1,
 'model__n_estimators': 200,
 'model__reg_alpha': 0,
 'model__reg_lambda': 5,
 'model__subsample': 0.8}",197880,17377,215257,91.9273,8.0727,11.3875,197880,197880,395760,50.0,50.0,1.0,True,recorded_during_fit
BorderlineSMOTE,XGBoost,threshold_0_5,0.5,0.919527,0.566667,0.013695,0.026744,0.749332,0.23443,39,3673,51,42364,18404,36769,0.227505,1909.46,"{'model__colsample_bytree': 0.8,
 'model__gamma': 1,
 'model__learning_rate': 0.1,
 'model__max_depth': 3,
 'model__min_child_weight': 1,
 'model__n_estimators': 200,
 'model__reg_alpha': 0,
 'model__reg_lambda': 5,
 'model__subsample': 0.8}",197880,17377,215257,91.9273,8.0727,11.3875,197880,197880,395760,50.0,50.0,1.0,True,recorded_during_fit
