feature,importance
EXT_SOURCE_MEAN,0.1823750237884149
EXT_SOURCE_3,0.10214963856565525
DAYS_LAST_PHONE_CHANGE,0.09519159270578771
FLAG_PHONE,0.08806925020137386
EXT_SOURCE_2,0.08322874718081737
FLAG_OWN_CAR,0.07188741133681416
ANNUITY_INCOME_RATIO,0.0630899725760892
EMPLOYED_YEARS,0.06296736423899892
DAYS_EMPLOYED,0.057396492519491124
AMT_ANNUITY,0.05597461337800485
WEEKDAY_APPR_PROCESS_START,0.054164884078818754
CREDIT_INCOME_RATIO,0.04863562451046573
EXT_SOURCE_STD,0.046539432530886216
DAYS_REGISTRATION,0.04540486440173033
FLAG_OWN_REALTY,0.04161787604660886
NAME_CONTRACT_TYPE,0.03948661551921411
EXT_SOURCE_1,0.038429664861783834
FLAG_EMP_PHONE,0.03837431542259066
FLAG_DOCUMENT_6,0.03490890282915526
EMERGENCYSTATE_MODE,0.03488749048609211
CNT_FAM_MEMBERS,0.034779168278285276
AMT_REQ_CREDIT_BUREAU_QRT,0.03434402342297329
CODE_GENDER,0.033066338960774946
FLAG_EMAIL,0.03210047218461753
DAYS_ID_PUBLISH,0.03173385460985995
AMT_REQ_CREDIT_BUREAU_YEAR,0.03171336909226311
ELEVATORS_AVG,0.03134709579103785
FLOORSMIN_MEDI,0.029090519296928803
FLOORSMIN_AVG,0.028561150069226663
COMMONAREA_MODE,0.028166376839953215
COMMONAREA_MEDI,0.027319968592870003
AMT_INCOME_TOTAL,0.026625898003079768
CREDIT_GOODS_RATIO,0.02636073134443671
LANDAREA_AVG,0.02617279085597529
CNT_CHILDREN,0.026117685315348416
FLOORSMIN_MODE,0.025787206675450508
OCCUPATION_TYPE,0.02573539685034978
OBS_60_CNT_SOCIAL_CIRCLE,0.0255667711669837
YEARS_BEGINEXPLUATATION_AVG,0.0254921323477579
ELEVATORS_MODE,0.024925186263210553
LIVINGAREA_MODE,0.024563629972145774
COMMONAREA_AVG,0.024544465556543348
HOUR_APPR_PROCESS_START,0.024406314198457606
WALLSMATERIAL_MODE,0.024246288849699853
ELEVATORS_MEDI,0.024112797548144813
FONDKAPREMONT_MODE,0.023903223451563774
APARTMENTS_AVG,0.023874092184614268
OBS_30_CNT_SOCIAL_CIRCLE,0.02280204956748729
TOTALAREA_MODE,0.022728423430929106
NAME_FAMILY_STATUS,0.022482454240185055
NAME_INCOME_TYPE,0.021936231922657114
LIVINGAREA_MEDI,0.02157397887775189
REGION_POPULATION_RELATIVE,0.021418288319476193
APARTMENTS_MEDI,0.021057724704987603
FLAG_DOCUMENT_16,0.020650569527268185
LIVINGAREA_AVG,0.02055104594337314
DEF_60_CNT_SOCIAL_CIRCLE,0.02039640037324269
YEARS_BEGINEXPLUATATION_MEDI,0.020163253381551654
APARTMENTS_MODE,0.01987762609487954
ORGANIZATION_TYPE,0.01926733144553114
REG_REGION_NOT_LIVE_REGION,0.018688287898528794
DAYS_BIRTH,0.018607321559340435
LIVE_REGION_NOT_WORK_REGION,0.018589483971838003
YEARS_BEGINEXPLUATATION_MODE,0.018535225895766717
AGE_YEARS,0.018120987307958976
AMT_GOODS_PRICE,0.018116260436556283
REGION_RATING_CLIENT,0.017906033862661347
ENTRANCES_AVG,0.017523666228854585
NAME_EDUCATION_TYPE,0.01741109226363421
NAME_TYPE_SUITE,0.01738013530051199
LIVINGAPARTMENTS_MODE,0.017363088680339058
NONLIVINGAREA_AVG,0.017257664633045837
AMT_CREDIT,0.017107062343816763
LANDAREA_MEDI,0.017084500849545572
ENTRANCES_MEDI,0.016293178806392077
ENTRANCES_MODE,0.015983166496191845
DEF_30_CNT_SOCIAL_CIRCLE,0.015707673309188677
HOUSETYPE_MODE,0.014276464941063122
FLOORSMAX_MEDI,0.01425644529924365
NONLIVINGAPARTMENTS_MODE,0.014173056768724811
FLOORSMAX_AVG,0.01409310565128996
LIVINGAPARTMENTS_AVG,0.014003691282219063
LIVINGAPARTMENTS_MEDI,0.013230186271114818
FLAG_DOCUMENT_11,0.012579826630583239
NONLIVINGAPARTMENTS_MEDI,0.012282904468982522
NONLIVINGAREA_MEDI,0.011683517028864963
FLOORSMAX_MODE,0.011145850997194924
NONLIVINGAPARTMENTS_AVG,0.01052428213097692
LANDAREA_MODE,0.010136523102149115
FLAG_WORK_PHONE,0.009817886061456841
BASEMENTAREA_AVG,0.00967010700793686
REG_CITY_NOT_WORK_CITY,0.00936076480615955
BASEMENTAREA_MEDI,0.008702445450273509
OWN_CAR_AGE,0.008623345353387712
REG_REGION_NOT_WORK_REGION,0.008054492858139684
YEARS_BUILD_MEDI,0.007894364471809332
AMT_REQ_CREDIT_BUREAU_MON,0.00764368927509121
FLAG_DOCUMENT_18,0.007622364813915168
REGION_RATING_CLIENT_W_CITY,0.007441052333789511
YEARS_BUILD_AVG,0.007014482603580392
BASEMENTAREA_MODE,0.006387639687932832
YEARS_BUILD_MODE,0.006319565173512579
NONLIVINGAREA_MODE,0.006249692123920778
FLAG_DOCUMENT_8,0.00583682554865129
AMT_REQ_CREDIT_BUREAU_WEEK,0.005664695030091961
FLAG_DOCUMENT_5,0.005641010406818937
NAME_HOUSING_TYPE,0.005531539846234663
LIVE_CITY_NOT_WORK_CITY,0.004188180026450408
FLAG_CONT_MOBILE,0.004062931229182124
AMT_REQ_CREDIT_BUREAU_DAY,0.0034871510120958156
AMT_REQ_CREDIT_BUREAU_HOUR,0.003049663019312252
FLAG_DOCUMENT_13,0.002078944343496931
FLAG_DOCUMENT_15,0.0020290314215361
REG_CITY_NOT_LIVE_CITY,0.0020159263884341515
FLAG_DOCUMENT_9,0.0018900494095698164
FLAG_DOCUMENT_3,0.0018533455550683398
FLAG_DOCUMENT_14,0.0015948788049257368
FLAG_MOBIL,0.0
FLAG_DOCUMENT_2,0.0
FLAG_DOCUMENT_17,0.0
FLAG_DOCUMENT_12,0.0
FLAG_DOCUMENT_7,0.0
FLAG_DOCUMENT_10,0.0
FLAG_DOCUMENT_4,0.0
FLAG_DOCUMENT_19,0.0
FLAG_DOCUMENT_20,0.0
FLAG_DOCUMENT_21,0.0
