feature,original_feature,importance
EXT_SOURCE_MEAN,EXT_SOURCE_MEAN,0.059415463
NAME_EDUCATION_TYPE_Higher education,NAME_EDUCATION_TYPE,0.026880745
NONLIVINGAPARTMENTS_MODE,NONLIVINGAPARTMENTS_MODE,0.02314128
NONLIVINGAPARTMENTS_MEDI,NONLIVINGAPARTMENTS_MEDI,0.02196242
BASEMENTAREA_AVG,BASEMENTAREA_AVG,0.021885773
ELEVATORS_AVG,ELEVATORS_AVG,0.020483384
NONLIVINGAPARTMENTS_AVG,NONLIVINGAPARTMENTS_AVG,0.019333808
ANNUITY_INCOME_RATIO,ANNUITY_INCOME_RATIO,0.01861881
FLOORSMIN_AVG,FLOORSMIN_AVG,0.018091556
NAME_EDUCATION_TYPE_Secondary / secondary special,NAME_EDUCATION_TYPE,0.017904684
AMT_REQ_CREDIT_BUREAU_MON,AMT_REQ_CREDIT_BUREAU_MON,0.017811013
DAYS_ID_PUBLISH,DAYS_ID_PUBLISH,0.017405516
EXT_SOURCE_3,EXT_SOURCE_3,0.017355883
ENTRANCES_AVG,ENTRANCES_AVG,0.01631913
FLAG_PHONE,FLAG_PHONE,0.016097348
CREDIT_GOODS_RATIO,CREDIT_GOODS_RATIO,0.015796946
OCCUPATION_TYPE_Core staff,OCCUPATION_TYPE,0.015437634
NONLIVINGAREA_MEDI,NONLIVINGAREA_MEDI,0.015381953
AMT_ANNUITY,AMT_ANNUITY,0.015279763
LIVINGAPARTMENTS_AVG,LIVINGAPARTMENTS_AVG,0.014658639
DEF_60_CNT_SOCIAL_CIRCLE,DEF_60_CNT_SOCIAL_CIRCLE,0.014540999
YEARS_BUILD_MODE,YEARS_BUILD_MODE,0.01445822
YEARS_BUILD_MEDI,YEARS_BUILD_MEDI,0.014451363
LIVINGAREA_AVG,LIVINGAREA_AVG,0.014203922
DAYS_BIRTH,DAYS_BIRTH,0.0138467
AMT_CREDIT,AMT_CREDIT,0.013721919
EXT_SOURCE_2,EXT_SOURCE_2,0.013456421
YEARS_BEGINEXPLUATATION_MODE,YEARS_BEGINEXPLUATATION_MODE,0.013009074
LIVINGAPARTMENTS_MEDI,LIVINGAPARTMENTS_MEDI,0.012948434
COMMONAREA_MEDI,COMMONAREA_MEDI,0.012882097
TOTALAREA_MODE,TOTALAREA_MODE,0.01274905
DAYS_LAST_PHONE_CHANGE,DAYS_LAST_PHONE_CHANGE,0.012695317
EXT_SOURCE_1,EXT_SOURCE_1,0.012682845
NONLIVINGAREA_MODE,NONLIVINGAREA_MODE,0.012593563
ORGANIZATION_TYPE_XNA,ORGANIZATION_TYPE_XNA,0.012566788
FLAG_OWN_CAR_N,FLAG_OWN_CAR_N,0.012447801
LIVINGAREA_MEDI,LIVINGAREA_MEDI,0.012426845
EMPLOYED_YEARS,EMPLOYED_YEARS,0.012343925
OCCUPATION_TYPE_Laborers,OCCUPATION_TYPE,0.012332238
YEARS_BEGINEXPLUATATION_AVG,YEARS_BEGINEXPLUATATION_AVG,0.012201018
BASEMENTAREA_MEDI,BASEMENTAREA_MEDI,0.012035917
CREDIT_INCOME_RATIO,CREDIT_INCOME_RATIO,0.011467071
APARTMENTS_MEDI,APARTMENTS_MEDI,0.01145001
OCCUPATION_TYPE_Medicine staff,OCCUPATION_TYPE,0.0112323435
AMT_INCOME_TOTAL,AMT_INCOME_TOTAL,0.010781505
AGE_YEARS,AGE_YEARS,0.010774733
YEARS_BUILD_AVG,YEARS_BUILD_AVG,0.010766156
COMMONAREA_MODE,COMMONAREA_MODE,0.0106440205
LIVINGAREA_MODE,LIVINGAREA_MODE,0.010580354
OBS_30_CNT_SOCIAL_CIRCLE,OBS_30_CNT_SOCIAL_CIRCLE,0.010546233
APARTMENTS_AVG,APARTMENTS_AVG,0.010451585
DAYS_EMPLOYED,DAYS_EMPLOYED,0.010427051
WEEKDAY_APPR_PROCESS_START_TUESDAY,WEEKDAY_APPR_PROCESS_START_TUESDAY,0.010398736
ORGANIZATION_TYPE_Transport: type 4,ORGANIZATION_TYPE_Transport: type 4,0.01036438
OWN_CAR_AGE,OWN_CAR_AGE,0.010235349
DEF_30_CNT_SOCIAL_CIRCLE,DEF_30_CNT_SOCIAL_CIRCLE,0.010186169
HOUR_APPR_PROCESS_START,HOUR_APPR_PROCESS_START,0.01014693
AMT_GOODS_PRICE,AMT_GOODS_PRICE,0.010075819
DAYS_REGISTRATION,DAYS_REGISTRATION,0.009974531
LIVINGAPARTMENTS_MODE,LIVINGAPARTMENTS_MODE,0.009775605
ORGANIZATION_TYPE_Business Entity Type 3,ORGANIZATION_TYPE_Business Entity Type 3,0.009747807
WALLSMATERIAL_MODE_Panel,WALLSMATERIAL_MODE_Panel,0.00971833
LANDAREA_MEDI,LANDAREA_MEDI,0.009628208
FLAG_DOCUMENT_16,FLAG_DOCUMENT_16,0.009413028
REGION_POPULATION_RELATIVE,REGION_POPULATION_RELATIVE,0.009314001
WEEKDAY_APPR_PROCESS_START_SATURDAY,WEEKDAY_APPR_PROCESS_START_SATURDAY,0.009235614
BASEMENTAREA_MODE,BASEMENTAREA_MODE,0.008812901
EMERGENCYSTATE_MODE_No,EMERGENCYSTATE_MODE_No,0.008667876
LANDAREA_AVG,LANDAREA_AVG,0.008196457
ORGANIZATION_TYPE_Industry: type 3,ORGANIZATION_TYPE_Industry: type 3,0.007994664
EXT_SOURCE_STD,EXT_SOURCE_STD,0.0072103166
FLAG_WORK_PHONE,FLAG_WORK_PHONE,0.006732676
CNT_CHILDREN,CNT_CHILDREN,0.004206692
NAME_INCOME_TYPE_Commercial associate,NAME_INCOME_TYPE,0.003631072
NONLIVINGAREA_AVG,NONLIVINGAREA_AVG,0.003355586
FLAG_CONT_MOBILE,FLAG_CONT_MOBILE,0.0
CNT_FAM_MEMBERS,CNT_FAM_MEMBERS,0.0
ENTRANCES_MODE,ENTRANCES_MODE,0.0
APARTMENTS_MODE,APARTMENTS_MODE,0.0
FLOORSMAX_MODE,FLOORSMAX_MODE,0.0
FLOORSMIN_MODE,FLOORSMIN_MODE,0.0
LANDAREA_MODE,LANDAREA_MODE,0.0
LIVE_CITY_NOT_WORK_CITY,LIVE_CITY_NOT_WORK_CITY,0.0
REGION_RATING_CLIENT,REGION_RATING_CLIENT,0.0
REGION_RATING_CLIENT_W_CITY,REGION_RATING_CLIENT_W_CITY,0.0
REG_REGION_NOT_LIVE_REGION,REG_REGION_NOT_LIVE_REGION,0.0
REG_REGION_NOT_WORK_REGION,REG_REGION_NOT_WORK_REGION,0.0
LIVE_REGION_NOT_WORK_REGION,LIVE_REGION_NOT_WORK_REGION,0.0
REG_CITY_NOT_LIVE_CITY,REG_CITY_NOT_LIVE_CITY,0.0
REG_CITY_NOT_WORK_CITY,REG_CITY_NOT_WORK_CITY,0.0
FLAG_DOCUMENT_13,FLAG_DOCUMENT_13,0.0
FLAG_DOCUMENT_12,FLAG_DOCUMENT_12,0.0
FLAG_DOCUMENT_11,FLAG_DOCUMENT_11,0.0
FLAG_DOCUMENT_10,FLAG_DOCUMENT_10,0.0
FLAG_DOCUMENT_9,FLAG_DOCUMENT_9,0.0
FLAG_DOCUMENT_8,FLAG_DOCUMENT_8,0.0
FLAG_DOCUMENT_7,FLAG_DOCUMENT_7,0.0
FLAG_DOCUMENT_6,FLAG_DOCUMENT_6,0.0
FLAG_DOCUMENT_5,FLAG_DOCUMENT_5,0.0
FLAG_DOCUMENT_4,FLAG_DOCUMENT_4,0.0
FLAG_DOCUMENT_21,FLAG_DOCUMENT_21,0.0
FLAG_DOCUMENT_20,FLAG_DOCUMENT_20,0.0
FLAG_DOCUMENT_18,FLAG_DOCUMENT_18,0.0
FLAG_DOCUMENT_14,FLAG_DOCUMENT_14,0.0
FLAG_DOCUMENT_15,FLAG_DOCUMENT_15,0.0
FLAG_DOCUMENT_17,FLAG_DOCUMENT_17,0.0
AMT_REQ_CREDIT_BUREAU_QRT,AMT_REQ_CREDIT_BUREAU_QRT,0.0
AMT_REQ_CREDIT_BUREAU_YEAR,AMT_REQ_CREDIT_BUREAU_YEAR,0.0
FLAG_EMAIL,FLAG_EMAIL,0.0
FLAG_MOBIL,FLAG_MOBIL,0.0
FLAG_EMP_PHONE,FLAG_EMP_PHONE,0.0
ELEVATORS_MODE,ELEVATORS_MODE,0.0
FLOORSMAX_AVG,FLOORSMAX_AVG,0.0
COMMONAREA_AVG,COMMONAREA_AVG,0.0
FLOORSMIN_MEDI,FLOORSMIN_MEDI,0.0
ELEVATORS_MEDI,ELEVATORS_MEDI,0.0
ENTRANCES_MEDI,ENTRANCES_MEDI,0.0
OBS_60_CNT_SOCIAL_CIRCLE,OBS_60_CNT_SOCIAL_CIRCLE,0.0
FLAG_DOCUMENT_2,FLAG_DOCUMENT_2,0.0
FLAG_DOCUMENT_3,FLAG_DOCUMENT_3,0.0
FLOORSMAX_MEDI,FLOORSMAX_MEDI,0.0
YEARS_BEGINEXPLUATATION_MEDI,YEARS_BEGINEXPLUATATION_MEDI,0.0
NAME_TYPE_SUITE_Group of people,NAME_TYPE_SUITE_Group of people,0.0
NAME_TYPE_SUITE_Family,NAME_TYPE_SUITE_Family,0.0
NAME_TYPE_SUITE_Children,NAME_TYPE_SUITE_Children,0.0
FLAG_OWN_REALTY_Y,FLAG_OWN_REALTY_Y,0.0
FLAG_OWN_REALTY_N,FLAG_OWN_REALTY_N,0.0
FLAG_OWN_CAR_Y,FLAG_OWN_CAR_Y,0.0
CODE_GENDER_M,CODE_GENDER_M,0.0
CODE_GENDER_F,CODE_GENDER_F,0.0
NAME_CONTRACT_TYPE_Cash loans,NAME_CONTRACT_TYPE_Cash loans,0.0
NAME_CONTRACT_TYPE_Revolving loans,NAME_CONTRACT_TYPE_Revolving loans,0.0
FLAG_DOCUMENT_19,FLAG_DOCUMENT_19,0.0
AMT_REQ_CREDIT_BUREAU_HOUR,AMT_REQ_CREDIT_BUREAU_HOUR,0.0
AMT_REQ_CREDIT_BUREAU_WEEK,AMT_REQ_CREDIT_BUREAU_WEEK,0.0
AMT_REQ_CREDIT_BUREAU_DAY,AMT_REQ_CREDIT_BUREAU_DAY,0.0
NAME_INCOME_TYPE_Working,NAME_INCOME_TYPE,0.0
NAME_INCOME_TYPE_State servant,NAME_INCOME_TYPE,0.0
NAME_FAMILY_STATUS_Civil marriage,NAME_FAMILY_STATUS_Civil marriage,0.0
NAME_FAMILY_STATUS_Married,NAME_FAMILY_STATUS_Married,0.0
NAME_FAMILY_STATUS_Single / not married,NAME_FAMILY_STATUS_Single / not married,0.0
NAME_FAMILY_STATUS_Separated,NAME_FAMILY_STATUS_Separated,0.0
NAME_HOUSING_TYPE_Co-op apartment,NAME_HOUSING_TYPE_Co-op apartment,0.0
NAME_HOUSING_TYPE_House / apartment,NAME_HOUSING_TYPE_House / apartment,0.0
NAME_HOUSING_TYPE_Municipal apartment,NAME_HOUSING_TYPE_Municipal apartment,0.0
NAME_FAMILY_STATUS_Widow,NAME_FAMILY_STATUS_Widow,0.0
NAME_HOUSING_TYPE_Office apartment,NAME_HOUSING_TYPE_Office apartment,0.0
NAME_HOUSING_TYPE_Rented apartment,NAME_HOUSING_TYPE_Rented apartment,0.0
OCCUPATION_TYPE_Accountants,OCCUPATION_TYPE,0.0
NAME_INCOME_TYPE_Pensioner,NAME_INCOME_TYPE,0.0
NAME_TYPE_SUITE_Unaccompanied,NAME_TYPE_SUITE_Unaccompanied,0.0
NAME_TYPE_SUITE_Unknown,NAME_TYPE_SUITE_Unknown,0.0
"NAME_TYPE_SUITE_Spouse, partner","NAME_TYPE_SUITE_Spouse, partner",0.0
NAME_TYPE_SUITE_Other_A,NAME_TYPE_SUITE_Other_A,0.0
OCCUPATION_TYPE_HR staff,OCCUPATION_TYPE,0.0
OCCUPATION_TYPE_Drivers,OCCUPATION_TYPE,0.0
OCCUPATION_TYPE_Cooking staff,OCCUPATION_TYPE,0.0
OCCUPATION_TYPE_Cleaning staff,OCCUPATION_TYPE,0.0
NAME_HOUSING_TYPE_With parents,NAME_HOUSING_TYPE_With parents,0.0
OCCUPATION_TYPE_Managers,OCCUPATION_TYPE,0.0
OCCUPATION_TYPE_Low-skill Laborers,OCCUPATION_TYPE,0.0
OCCUPATION_TYPE_IT staff,OCCUPATION_TYPE,0.0
OCCUPATION_TYPE_Realty agents,OCCUPATION_TYPE,0.0
OCCUPATION_TYPE_Sales staff,OCCUPATION_TYPE,0.0
OCCUPATION_TYPE_Security staff,OCCUPATION_TYPE,0.0
OCCUPATION_TYPE_Secretaries,OCCUPATION_TYPE,0.0
OCCUPATION_TYPE_Unknown,OCCUPATION_TYPE,0.0
OCCUPATION_TYPE_Waiters/barmen staff,OCCUPATION_TYPE,0.0
OCCUPATION_TYPE_Private service staff,OCCUPATION_TYPE,0.0
OCCUPATION_TYPE_High skill tech staff,OCCUPATION_TYPE,0.0
WEEKDAY_APPR_PROCESS_START_MONDAY,WEEKDAY_APPR_PROCESS_START_MONDAY,0.0
WEEKDAY_APPR_PROCESS_START_FRIDAY,WEEKDAY_APPR_PROCESS_START_FRIDAY,0.0
WEEKDAY_APPR_PROCESS_START_THURSDAY,WEEKDAY_APPR_PROCESS_START_THURSDAY,0.0
WEEKDAY_APPR_PROCESS_START_SUNDAY,WEEKDAY_APPR_PROCESS_START_SUNDAY,0.0
ORGANIZATION_TYPE_Advertising,ORGANIZATION_TYPE_Advertising,0.0
ORGANIZATION_TYPE_Agriculture,ORGANIZATION_TYPE_Agriculture,0.0
ORGANIZATION_TYPE_Bank,ORGANIZATION_TYPE_Bank,0.0
WEEKDAY_APPR_PROCESS_START_WEDNESDAY,WEEKDAY_APPR_PROCESS_START_WEDNESDAY,0.0
ORGANIZATION_TYPE_Business Entity Type 1,ORGANIZATION_TYPE_Business Entity Type 1,0.0
ORGANIZATION_TYPE_Business Entity Type 2,ORGANIZATION_TYPE_Business Entity Type 2,0.0
ORGANIZATION_TYPE_Cleaning,ORGANIZATION_TYPE_Cleaning,0.0
NAME_INCOME_TYPE_Unemployed,NAME_INCOME_TYPE,0.0
NAME_EDUCATION_TYPE_Academic degree,NAME_EDUCATION_TYPE,0.0
NAME_EDUCATION_TYPE_Incomplete higher,NAME_EDUCATION_TYPE,0.0
NAME_EDUCATION_TYPE_Lower secondary,NAME_EDUCATION_TYPE,0.0
NAME_TYPE_SUITE_Other_B,NAME_TYPE_SUITE_Other_B,0.0
ORGANIZATION_TYPE_Government,ORGANIZATION_TYPE_Government,0.0
ORGANIZATION_TYPE_Emergency,ORGANIZATION_TYPE_Emergency,0.0
ORGANIZATION_TYPE_Electricity,ORGANIZATION_TYPE_Electricity,0.0
ORGANIZATION_TYPE_Culture,ORGANIZATION_TYPE_Culture,0.0
ORGANIZATION_TYPE_Construction,ORGANIZATION_TYPE_Construction,0.0
ORGANIZATION_TYPE_Hotel,ORGANIZATION_TYPE_Hotel,0.0
ORGANIZATION_TYPE_Industry: type 1,ORGANIZATION_TYPE_Industry: type 1,0.0
ORGANIZATION_TYPE_Housing,ORGANIZATION_TYPE_Housing,0.0
ORGANIZATION_TYPE_Industry: type 2,ORGANIZATION_TYPE_Industry: type 2,0.0
ORGANIZATION_TYPE_Industry: type 4,ORGANIZATION_TYPE_Industry: type 4,0.0
ORGANIZATION_TYPE_Industry: type 5,ORGANIZATION_TYPE_Industry: type 5,0.0
ORGANIZATION_TYPE_Industry: type 6,ORGANIZATION_TYPE_Industry: type 6,0.0
ORGANIZATION_TYPE_Industry: type 11,ORGANIZATION_TYPE_Industry: type 11,0.0
ORGANIZATION_TYPE_Industry: type 12,ORGANIZATION_TYPE_Industry: type 12,0.0
ORGANIZATION_TYPE_Industry: type 13,ORGANIZATION_TYPE_Industry: type 13,0.0
ORGANIZATION_TYPE_Industry: type 10,ORGANIZATION_TYPE_Industry: type 10,0.0
ORGANIZATION_TYPE_Legal Services,ORGANIZATION_TYPE_Legal Services,0.0
ORGANIZATION_TYPE_Medicine,ORGANIZATION_TYPE_Medicine,0.0
ORGANIZATION_TYPE_Military,ORGANIZATION_TYPE_Military,0.0
ORGANIZATION_TYPE_Mobile,ORGANIZATION_TYPE_Mobile,0.0
ORGANIZATION_TYPE_Other,ORGANIZATION_TYPE_Other,0.0
ORGANIZATION_TYPE_Police,ORGANIZATION_TYPE_Police,0.0
ORGANIZATION_TYPE_Postal,ORGANIZATION_TYPE_Postal,0.0
ORGANIZATION_TYPE_Realtor,ORGANIZATION_TYPE_Realtor,0.0
ORGANIZATION_TYPE_Religion,ORGANIZATION_TYPE_Religion,0.0
ORGANIZATION_TYPE_Restaurant,ORGANIZATION_TYPE_Restaurant,0.0
ORGANIZATION_TYPE_School,ORGANIZATION_TYPE_School,0.0
ORGANIZATION_TYPE_Security,ORGANIZATION_TYPE_Security,0.0
ORGANIZATION_TYPE_Industry: type 7,ORGANIZATION_TYPE_Industry: type 7,0.0
ORGANIZATION_TYPE_Industry: type 9,ORGANIZATION_TYPE_Industry: type 9,0.0
ORGANIZATION_TYPE_Insurance,ORGANIZATION_TYPE_Insurance,0.0
ORGANIZATION_TYPE_Kindergarten,ORGANIZATION_TYPE_Kindergarten,0.0
ORGANIZATION_TYPE_Telecom,ORGANIZATION_TYPE_Telecom,0.0
ORGANIZATION_TYPE_Services,ORGANIZATION_TYPE_Services,0.0
ORGANIZATION_TYPE_Self-employed,ORGANIZATION_TYPE_Self-employed,0.0
ORGANIZATION_TYPE_Security Ministries,ORGANIZATION_TYPE_Security Ministries,0.0
ORGANIZATION_TYPE_Trade: type 6,ORGANIZATION_TYPE_Trade: type 6,0.0
ORGANIZATION_TYPE_Trade: type 7,ORGANIZATION_TYPE_Trade: type 7,0.0
ORGANIZATION_TYPE_Trade: type 1,ORGANIZATION_TYPE_Trade: type 1,0.0
ORGANIZATION_TYPE_Trade: type 2,ORGANIZATION_TYPE_Trade: type 2,0.0
ORGANIZATION_TYPE_Transport: type 2,ORGANIZATION_TYPE_Transport: type 2,0.0
ORGANIZATION_TYPE_Transport: type 1,ORGANIZATION_TYPE_Transport: type 1,0.0
ORGANIZATION_TYPE_Transport: type 3,ORGANIZATION_TYPE_Transport: type 3,0.0
ORGANIZATION_TYPE_University,ORGANIZATION_TYPE_University,0.0
FONDKAPREMONT_MODE_Unknown,FONDKAPREMONT_MODE_Unknown,0.0
FONDKAPREMONT_MODE_not specified,FONDKAPREMONT_MODE_not specified,0.0
ORGANIZATION_TYPE_Trade: type 3,ORGANIZATION_TYPE_Trade: type 3,0.0
ORGANIZATION_TYPE_Trade: type 4,ORGANIZATION_TYPE_Trade: type 4,0.0
FONDKAPREMONT_MODE_reg oper account,FONDKAPREMONT_MODE_reg oper account,0.0
FONDKAPREMONT_MODE_org spec account,FONDKAPREMONT_MODE_org spec account,0.0
FONDKAPREMONT_MODE_reg oper spec account,FONDKAPREMONT_MODE_reg oper spec account,0.0
HOUSETYPE_MODE_Unknown,HOUSETYPE_MODE_Unknown,0.0
HOUSETYPE_MODE_terraced house,HOUSETYPE_MODE_terraced house,0.0
WALLSMATERIAL_MODE_Block,WALLSMATERIAL_MODE_Block,0.0
HOUSETYPE_MODE_block of flats,HOUSETYPE_MODE_block of flats,0.0
HOUSETYPE_MODE_specific housing,HOUSETYPE_MODE_specific housing,0.0
WALLSMATERIAL_MODE_Monolithic,WALLSMATERIAL_MODE_Monolithic,0.0
WALLSMATERIAL_MODE_Mixed,WALLSMATERIAL_MODE_Mixed,0.0
"WALLSMATERIAL_MODE_Stone, brick","WALLSMATERIAL_MODE_Stone, brick",0.0
WALLSMATERIAL_MODE_Others,WALLSMATERIAL_MODE_Others,0.0
WALLSMATERIAL_MODE_Unknown,WALLSMATERIAL_MODE_Unknown,0.0
WALLSMATERIAL_MODE_Wooden,WALLSMATERIAL_MODE_Wooden,0.0
EMERGENCYSTATE_MODE_Unknown,EMERGENCYSTATE_MODE_Unknown,0.0
EMERGENCYSTATE_MODE_Yes,EMERGENCYSTATE_MODE_Yes,0.0
